date,previous,open_price,first_trade,high,low,close,change,volume,value,frequency,index_individual,offer,offer_volume,bid,bid_volume,listed_shares,tradeble_shares,weight_for_index,foreign_sell,foreign_buy,delisting_date,non_regular_volume,non_regular_value,non_regular_frequency
2024-08-07,135.0,0.0,0.0,182.0,182.0,182.0,47.0,6767100.0,1231612200.0,7234.0,134.8,0.0,0.0,182.0,242634300.0,1725000000.0,450000000.0,450000000.0,8500.0,0.0,,632600.0,109449400.0,10.0
2024-08-08,182.0,0.0,0.0,244.0,210.0,244.0,62.0,70714300.0,17254103400.0,13634.0,180.7,0.0,0.0,244.0,226194700.0,1725000000.0,450000000.0,450000000.0,15400.0,0.0,,0.0,0.0,0.0
2024-08-09,244.0,0.0,0.0,290.0,238.0,254.0,10.0,309447300.0,80343700200.0,50045.0,188.1,254.0,1345800.0,252.0,17200.0,1725000000.0,450000000.0,450000000.0,10593000.0,10489500.0,,4000.0,984000.0,1.0
2024-08-12,254.0,0.0,0.0,262.0,228.0,240.0,-14.0,101084300.0,24619694600.0,14101.0,177.8,242.0,432500.0,240.0,27500.0,1725000000.0,450000000.0,450000000.0,8505200.0,11895600.0,,0.0,0.0,0.0
2024-08-13,240.0,0.0,0.0,256.0,220.0,234.0,-6.0,37571100.0,9187857800.0,6051.0,173.3,234.0,1073400.0,232.0,503000.0,1725000000.0,450000000.0,450000000.0,35000.0,246800.0,,0.0,0.0,0.0
2024-08-14,234.0,0.0,0.0,242.0,226.0,230.0,-4.0,11938000.0,2776075800.0,2601.0,170.4,230.0,237300.0,228.0,65000.0,1725000000.0,450000000.0,450000000.0,224400.0,60400.0,,2000.0,528000.0,1.0
2024-08-15,230.0,0.0,0.0,240.0,220.0,228.0,-2.0,28293500.0,6507605600.0,3997.0,168.9,230.0,113600.0,228.0,608000.0,1725000000.0,450000000.0,450000000.0,435800.0,126300.0,,0.0,0.0,0.0
2024-08-16,228.0,0.0,0.0,236.0,228.0,230.0,2.0,11459000.0,2663622000.0,1323.0,170.4,232.0,43500.0,230.0,596600.0,1725000000.0,450000000.0,450000000.0,57400.0,63200.0,,0.0,0.0,0.0
2024-08-19,230.0,0.0,0.0,242.0,230.0,238.0,8.0,11752000.0,2783493800.0,1844.0,176.3,240.0,1147100.0,238.0,12426600.0,1725000000.0,450000000.0,450000000.0,93200.0,58100.0,,0.0,0.0,0.0
2024-08-20,238.0,0.0,0.0,242.0,232.0,232.0,-6.0,8476300.0,1989805600.0,1135.0,171.9,234.0,378900.0,232.0,261600.0,1725000000.0,450000000.0,450000000.0,110500.0,0.0,,0.0,0.0,0.0
2024-08-21,232.0,0.0,0.0,234.0,226.0,230.0,-2.0,6702400.0,1530553600.0,936.0,170.4,230.0,671400.0,228.0,458900.0,1725000000.0,450000000.0,450000000.0,181800.0,35200.0,,0.0,0.0,0.0
2024-08-22,230.0,0.0,0.0,230.0,224.0,228.0,-2.0,3633200.0,826403000.0,567.0,168.9,228.0,309400.0,226.0,310600.0,1725000000.0,450000000.0,450000000.0,18000.0,16800.0,,0.0,0.0,0.0
2024-08-23,228.0,0.0,0.0,230.0,220.0,224.0,-4.0,4398600.0,989147600.0,705.0,165.9,224.0,163900.0,222.0,495600.0,1725000000.0,450000000.0,450000000.0,33300.0,74600.0,,0.0,0.0,0.0
2024-08-26,224.0,0.0,0.0,228.0,220.0,224.0,0.0,2746000.0,616547200.0,590.0,165.9,224.0,290800.0,222.0,509100.0,1725000000.0,450000000.0,450000000.0,10500.0,21100.0,,0.0,0.0,0.0
2024-08-27,224.0,0.0,0.0,226.0,220.0,220.0,-4.0,4397000.0,975876000.0,636.0,163.0,222.0,4600.0,220.0,249900.0,1725000000.0,450000000.0,450000000.0,19300.0,25300.0,,0.0,0.0,0.0
2024-08-28,220.0,0.0,0.0,222.0,206.0,210.0,-10.0,7558100.0,1596463400.0,1264.0,155.6,212.0,804100.0,210.0,139100.0,1725000000.0,450000000.0,450000000.0,83700.0,127000.0,,0.0,0.0,0.0
2024-08-29,210.0,0.0,0.0,220.0,200.0,214.0,4.0,10994100.0,2281409400.0,1301.0,158.5,214.0,316300.0,212.0,1081900.0,1725000000.0,450000000.0,450000000.0,278500.0,539300.0,,0.0,0.0,0.0
2024-08-30,214.0,0.0,0.0,218.0,202.0,214.0,0.0,3697900.0,781691400.0,557.0,158.5,214.0,207400.0,210.0,111700.0,1725000000.0,450000000.0,450000000.0,34200.0,625700.0,,0.0,0.0,0.0
2024-09-02,214.0,0.0,0.0,222.0,204.0,206.0,-8.0,7491600.0,1578372200.0,1218.0,152.6,206.0,4800.0,204.0,337500.0,1725000000.0,450000000.0,450000000.0,15000.0,10000.0,,8400.0,1444800.0,1.0
2024-09-03,206.0,0.0,0.0,208.0,200.0,200.0,-6.0,2682100.0,544720800.0,641.0,148.1,202.0,300.0,200.0,1562500.0,1725000000.0,450000000.0,450000000.0,24300.0,31000.0,,0.0,0.0,0.0
2024-09-04,200.0,0.0,0.0,206.0,200.0,200.0,0.0,1964100.0,397942200.0,575.0,148.1,202.0,5400.0,200.0,801900.0,1725000000.0,450000000.0,450000000.0,0.0,0.0,,0.0,0.0,0.0
2024-09-05,200.0,0.0,0.0,204.0,191.0,197.0,-3.0,3991300.0,792896200.0,744.0,145.9,197.0,363900.0,195.0,20000.0,1725000000.0,450000000.0,450000000.0,3300.0,11400.0,,0.0,0.0,0.0
2024-09-06,197.0,0.0,0.0,200.0,191.0,194.0,-3.0,4860900.0,944610500.0,1109.0,143.7,197.0,300.0,194.0,74700.0,1725000000.0,450000000.0,450000000.0,2000.0,18700.0,,0.0,0.0,0.0
2024-09-09,194.0,0.0,0.0,195.0,187.0,187.0,-7.0,5049100.0,957698900.0,916.0,138.5,187.0,128500.0,186.0,142200.0,1725000000.0,450000000.0,450000000.0,10000.0,25000.0,,0.0,0.0,0.0
2024-09-10,187.0,0.0,0.0,206.0,187.0,195.0,8.0,11166400.0,2219668900.0,1680.0,144.4,195.0,42900.0,194.0,84500.0,1725000000.0,450000000.0,450000000.0,75800.0,800.0,,0.0,0.0,0.0
2024-09-11,195.0,0.0,0.0,199.0,193.0,194.0,-1.0,1861300.0,362484600.0,451.0,143.7,194.0,9800.0,193.0,99500.0,1725000000.0,450000000.0,450000000.0,0.0,10000.0,,0.0,0.0,0.0
2024-09-12,194.0,0.0,0.0,198.0,191.0,192.0,-2.0,1943700.0,375491800.0,381.0,142.2,192.0,22200.0,191.0,52700.0,1725000000.0,450000000.0,450000000.0,10200.0,200.0,,0.0,0.0,0.0
2024-09-13,192.0,0.0,0.0,195.0,190.0,194.0,2.0,1881900.0,361520900.0,347.0,143.7,195.0,229700.0,193.0,67000.0,1725000000.0,450000000.0,450000000.0,200.0,16200.0,,0.0,0.0,0.0
2024-09-17,194.0,0.0,0.0,196.0,190.0,192.0,-2.0,3799700.0,734154600.0,540.0,142.2,192.0,50000.0,191.0,135000.0,1725000000.0,450000000.0,450000000.0,1200.0,1200.0,,0.0,0.0,0.0
2024-09-18,192.0,0.0,0.0,192.0,188.0,189.0,-3.0,2137000.0,404985000.0,365.0,140.0,190.0,34600.0,189.0,38000.0,1725000000.0,450000000.0,450000000.0,17700.0,10000.0,,0.0,0.0,0.0
2024-09-19,189.0,0.0,0.0,191.0,187.0,190.0,1.0,11615000.0,2194950500.0,356.0,140.7,190.0,254400.0,189.0,19800.0,1725000000.0,450000000.0,450000000.0,0.0,10005000.0,,0.0,0.0,0.0
2024-09-20,190.0,0.0,0.0,200.0,187.0,189.0,-1.0,3808100.0,732034900.0,603.0,140.0,190.0,149900.0,189.0,9156200.0,1725000000.0,450000000.0,450000000.0,0.0,10000.0,,0.0,0.0,0.0
2024-09-23,189.0,0.0,0.0,208.0,190.0,192.0,3.0,17341100.0,3445414200.0,2067.0,142.2,192.0,59200.0,191.0,212400.0,1725000000.0,450000000.0,450000000.0,0.0,0.0,,0.0,0.0,0.0
2024-09-24,192.0,0.0,0.0,194.0,190.0,191.0,-1.0,3176000.0,608097500.0,443.0,141.5,193.0,193600.0,191.0,150800.0,1725000000.0,450000000.0,450000000.0,0.0,0.0,,0.0,0.0,0.0
2024-09-25,191.0,0.0,0.0,196.0,191.0,193.0,2.0,1838200.0,354124900.0,364.0,143.0,194.0,36100.0,193.0,4988700.0,1725000000.0,450000000.0,450000000.0,0.0,0.0,,0.0,0.0,0.0
2024-09-26,193.0,0.0,0.0,197.0,194.0,195.0,2.0,7561400.0,1474204700.0,235.0,144.4,195.0,148400.0,194.0,22300.0,1725000000.0,450000000.0,450000000.0,16000.0,6400000.0,,0.0,0.0,0.0
2024-09-27,195.0,0.0,0.0,197.0,192.0,193.0,-2.0,2363300.0,457231300.0,281.0,143.0,194.0,148700.0,193.0,600.0,1725000000.0,450000000.0,450000000.0,0.0,0.0,,0.0,0.0,0.0
2024-09-30,193.0,0.0,0.0,200.0,188.0,189.0,-4.0,6272000.0,1218944100.0,620.0,140.0,191.0,5800.0,189.0,39600.0,1725000000.0,450000000.0,450000000.0,0.0,878000.0,,0.0,0.0,0.0
2024-10-01,189.0,0.0,0.0,193.0,188.0,190.0,1.0,903400.0,171215100.0,205.0,140.7,190.0,150300.0,189.0,63000.0,1725000000.0,450000000.0,450052500.0,9000.0,56000.0,,0.0,0.0,0.0
2024-10-02,190.0,0.0,0.0,191.0,176.0,182.0,-8.0,3252700.0,597808600.0,664.0,134.8,182.0,7000.0,180.0,43500.0,1725000000.0,450000000.0,450052500.0,0.0,112900.0,,0.0,0.0,0.0
2024-10-03,182.0,0.0,0.0,189.0,181.0,181.0,-1.0,718300.0,131683400.0,213.0,134.1,182.0,141900.0,181.0,900.0,1725000000.0,450000000.0,450052500.0,9400.0,20600.0,,0.0,0.0,0.0
2024-10-04,181.0,0.0,0.0,181.0,173.0,173.0,-8.0,1561700.0,275970000.0,332.0,128.1,174.0,2400.0,173.0,132400.0,1725000000.0,450000000.0,450052500.0,23900.0,44400.0,,0.0,0.0,0.0
2024-10-07,173.0,0.0,0.0,174.0,152.0,155.0,-18.0,8580400.0,1353983500.0,1532.0,114.8,156.0,22000.0,155.0,176600.0,1725000000.0,450000000.0,450052500.0,673500.0,812500.0,,0.0,0.0,0.0
2024-10-08,155.0,0.0,0.0,166.0,155.0,160.0,5.0,3256500.0,522381800.0,801.0,118.5,162.0,48400.0,160.0,71500.0,1725000000.0,450000000.0,450052500.0,80700.0,663800.0,,0.0,0.0,0.0
2024-10-09,160.0,0.0,0.0,170.0,160.0,161.0,1.0,2638700.0,431010000.0,309.0,119.3,162.0,143300.0,161.0,9300.0,1725000000.0,450000000.0,450052500.0,103200.0,170700.0,,0.0,0.0,0.0
2024-10-10,161.0,0.0,0.0,182.0,161.0,180.0,19.0,11154800.0,1876691700.0,1340.0,133.3,180.0,103500.0,179.0,55100.0,1725000000.0,450000000.0,450052500.0,92500.0,778800.0,,0.0,0.0,0.0
2024-10-11,180.0,0.0,0.0,181.0,173.0,177.0,-3.0,2324600.0,411633500.0,787.0,131.1,177.0,1900.0,176.0,117400.0,1725000000.0,450000000.0,450052500.0,47200.0,70800.0,,0.0,0.0,0.0
2024-10-14,177.0,0.0,0.0,177.0,170.0,172.0,-5.0,902600.0,155830600.0,212.0,127.4,173.0,33800.0,172.0,34500.0,1725000000.0,450000000.0,450052500.0,0.0,0.0,,0.0,0.0,0.0
2024-10-15,172.0,0.0,0.0,174.0,168.0,171.0,-1.0,4580700.0,788498900.0,367.0,126.7,171.0,43000.0,170.0,9500.0,1725000000.0,450000000.0,450052500.0,0.0,58800.0,,0.0,0.0,0.0
2024-10-16,171.0,0.0,0.0,175.0,169.0,171.0,0.0,2308000.0,398518800.0,220.0,126.7,171.0,3900.0,170.0,87400.0,1725000000.0,450000000.0,450052500.0,50700.0,0.0,,0.0,0.0,0.0
2024-10-17,171.0,0.0,0.0,173.0,170.0,170.0,-1.0,427000.0,73091900.0,122.0,125.9,172.0,2100.0,170.0,34100.0,1725000000.0,450000000.0,450052500.0,0.0,0.0,,0.0,0.0,0.0
2024-10-18,170.0,0.0,0.0,172.0,169.0,170.0,0.0,326900.0,55595900.0,111.0,125.9,170.0,40200.0,169.0,242500.0,1725000000.0,450000000.0,450052500.0,0.0,0.0,,0.0,0.0,0.0
2024-10-21,170.0,0.0,0.0,171.0,168.0,170.0,0.0,755800.0,127890400.0,134.0,125.9,170.0,10000.0,169.0,63000.0,1725000000.0,450000000.0,450052500.0,79400.0,0.0,,0.0,0.0,0.0
2024-10-22,170.0,0.0,0.0,172.0,167.0,170.0,0.0,881000.0,148027300.0,155.0,125.9,169.0,500.0,168.0,9000.0,1725000000.0,450000000.0,450052500.0,0.0,203700.0,,0.0,0.0,0.0
2024-10-23,170.0,0.0,0.0,177.0,165.0,166.0,-4.0,1469600.0,248842700.0,295.0,123.0,166.0,204100.0,165.0,64200.0,1725000000.0,450000000.0,450052500.0,69800.0,0.0,,0.0,0.0,0.0
2024-10-24,166.0,0.0,0.0,171.0,161.0,161.0,-5.0,890800.0,145410300.0,204.0,119.3,165.0,90700.0,161.0,104400.0,1725000000.0,450000000.0,450052500.0,50000.0,120000.0,,0.0,0.0,0.0
2024-10-25,161.0,0.0,0.0,170.0,155.0,155.0,-6.0,2116500.0,335328100.0,326.0,114.8,158.0,200.0,155.0,149000.0,1725000000.0,450000000.0,450052500.0,364400.0,230000.0,,0.0,0.0,0.0
2024-10-28,155.0,0.0,0.0,156.0,146.0,146.0,-9.0,2947600.0,437445900.0,444.0,108.1,149.0,36700.0,146.0,180900.0,1725000000.0,450000000.0,450052500.0,0.0,268300.0,,0.0,0.0,0.0
2024-10-29,146.0,0.0,0.0,148.0,145.0,146.0,0.0,685100.0,100024900.0,202.0,108.1,147.0,47400.0,146.0,37100.0,1725000000.0,450000000.0,450052500.0,53200.0,32000.0,,0.0,0.0,0.0
2024-10-30,146.0,0.0,0.0,153.0,142.0,152.0,6.0,1025800.0,152338800.0,286.0,112.6,154.0,5000.0,152.0,343600.0,1725000000.0,450000000.0,450052500.0,186800.0,120500.0,,0.0,0.0,0.0
2024-10-31,152.0,0.0,0.0,155.0,143.0,147.0,-5.0,2679200.0,398052700.0,323.0,108.9,148.0,10000.0,147.0,44100.0,1725000000.0,450000000.0,450052500.0,220000.0,543100.0,,0.0,0.0,0.0
2024-11-01,147.0,0.0,0.0,195.0,147.0,172.0,25.0,71079200.0,12824902200.0,10869.0,127.4,173.0,2000.0,172.0,335300.0,1725000000.0,450000000.0,450052500.0,5306900.0,3377300.0,,0.0,0.0,0.0
2024-11-04,172.0,0.0,0.0,176.0,156.0,156.0,-16.0,9906800.0,1642435500.0,1594.0,115.6,158.0,1100.0,156.0,499000.0,1725000000.0,450000000.0,450052500.0,692000.0,544200.0,,0.0,0.0,0.0
2024-11-05,156.0,0.0,0.0,190.0,157.0,170.0,14.0,18682400.0,3267506400.0,4863.0,125.9,170.0,27300.0,169.0,98500.0,1725000000.0,450000000.0,450052500.0,1060300.0,986900.0,,0.0,0.0,0.0
2024-11-06,170.0,0.0,0.0,184.0,163.0,168.0,-2.0,6844100.0,1168648000.0,1301.0,124.4,169.0,181000.0,168.0,5000.0,1725000000.0,450000000.0,450052500.0,205700.0,374500.0,,0.0,0.0,0.0
2024-11-07,168.0,0.0,0.0,172.0,161.0,162.0,-6.0,1381200.0,228087000.0,422.0,120.0,163.0,15900.0,162.0,45200.0,1725000000.0,450000000.0,450052500.0,88400.0,108300.0,,20000.0,3260000.0,3.0
2024-11-08,162.0,0.0,0.0,178.0,161.0,163.0,1.0,1730500.0,283749800.0,395.0,120.7,164.0,10000.0,163.0,58800.0,1725000000.0,450000000.0,450052500.0,24500.0,481900.0,,18400.0,3026000.0,3.0
2024-11-11,163.0,0.0,0.0,163.0,155.0,156.0,-7.0,1708700.0,268753200.0,307.0,115.6,157.0,13400.0,156.0,176500.0,1725000000.0,450000000.0,450052500.0,9300.0,245900.0,,10000.0,1590000.0,1.0
2024-11-12,156.0,0.0,0.0,156.0,152.0,155.0,-1.0,1052800.0,161896000.0,266.0,114.8,156.0,33100.0,155.0,156800.0,1725000000.0,450000000.0,450052500.0,3300.0,215100.0,,0.0,0.0,0.0
2024-11-13,155.0,0.0,0.0,172.0,150.0,160.0,5.0,185667600.0,27971334200.0,1622.0,118.5,161.0,210700.0,160.0,160200.0,1725000000.0,450000000.0,450052500.0,426600.0,1357500.0,,0.0,0.0,0.0
2024-11-14,160.0,0.0,0.0,170.0,158.0,165.0,5.0,9232700.0,1522375300.0,1215.0,122.2,165.0,10500.0,164.0,500.0,1725000000.0,450000000.0,450052500.0,647700.0,144200.0,,0.0,0.0,0.0
2024-11-15,165.0,0.0,0.0,191.0,163.0,186.0,21.0,15065900.0,2706293600.0,2564.0,137.8,187.0,98000.0,185.0,55100.0,1725000000.0,450000000.0,450052500.0,496500.0,1151300.0,,0.0,0.0,0.0
2024-11-18,186.0,0.0,0.0,187.0,176.0,177.0,-9.0,5304100.0,959843400.0,1358.0,131.1,178.0,3000.0,177.0,57700.0,1725000000.0,450000000.0,450052500.0,400300.0,201000.0,,14300.0,2574000.0,2.0
2024-11-19,177.0,0.0,0.0,236.0,177.0,222.0,45.0,90513400.0,19959869300.0,11494.0,164.4,222.0,5762300.0,220.0,642300.0,1725000000.0,450000000.0,450052500.0,6887600.0,5914400.0,,10000.0,2020000.0,1.0
2024-11-20,222.0,0.0,0.0,270.0,204.0,262.0,40.0,196410800.0,48991941000.0,18117.0,194.1,262.0,171700.0,260.0,1228100.0,1725000000.0,450000000.0,450052500.0,12081900.0,10844800.0,,2300.0,492200.0,3.0
2024-11-21,262.0,0.0,0.0,320.0,240.0,300.0,38.0,430622300.0,125995061200.0,38901.0,222.2,302.0,69400.0,298.0,654100.0,1725000000.0,450000000.0,450052500.0,18920400.0,17578000.0,,40000.0,11580000.0,4.0
2024-11-22,300.0,0.0,0.0,360.0,294.0,328.0,28.0,302730500.0,102773720000.0,28096.0,243.0,330.0,215900.0,328.0,1320400.0,1725000000.0,450000000.0,450052500.0,8470300.0,9122800.0,,15500.0,5395000.0,3.0
2024-11-25,328.0,0.0,0.0,336.0,266.0,270.0,-58.0,107938200.0,32839535400.0,13050.0,200.0,270.0,1408300.0,268.0,96500.0,1725000000.0,450000000.0,450052500.0,4342700.0,7888300.0,,0.0,0.0,0.0
2024-11-26,270.0,0.0,0.0,304.0,256.0,264.0,-6.0,82653300.0,23270603200.0,10137.0,195.6,264.0,65000.0,262.0,7500.0,1725000000.0,450000000.0,450052500.0,6799700.0,5250800.0,,0.0,0.0,0.0
2024-11-28,264.0,0.0,0.0,282.0,246.0,282.0,18.0,46022500.0,12153767600.0,5668.0,208.9,284.0,256800.0,282.0,69800.0,1725000000.0,450000000.0,450052500.0,4451800.0,3856900.0,,0.0,0.0,0.0
2024-11-29,282.0,0.0,0.0,290.0,254.0,254.0,-28.0,50119200.0,13727081400.0,6765.0,188.1,256.0,209400.0,254.0,338900.0,1725000000.0,450000000.0,450052500.0,2731700.0,1686700.0,,0.0,0.0,0.0
2024-12-02,254.0,0.0,0.0,266.0,224.0,232.0,-22.0,32403200.0,7767351800.0,4566.0,171.9,232.0,178700.0,230.0,132100.0,1725000000.0,450000000.0,450052500.0,592000.0,752300.0,,0.0,0.0,0.0
2024-12-03,232.0,0.0,0.0,290.0,228.0,290.0,58.0,98090500.0,26809787600.0,9823.0,214.8,0.0,0.0,290.0,4675800.0,1725000000.0,450000000.0,450052500.0,2499700.0,3974100.0,,0.0,0.0,0.0
2024-12-04,290.0,0.0,0.0,310.0,266.0,266.0,-24.0,102537600.0,29707295000.0,11940.0,197.0,268.0,308700.0,266.0,747700.0,1725000000.0,450000000.0,450052500.0,5817000.0,3978300.0,,0.0,0.0,0.0
2024-12-05,266.0,0.0,0.0,270.0,248.0,256.0,-10.0,13664100.0,3512615400.0,2510.0,189.6,260.0,103000.0,256.0,53900.0,1725000000.0,450000000.0,450052500.0,611700.0,748200.0,,0.0,0.0,0.0
2024-12-06,256.0,0.0,0.0,280.0,258.0,262.0,6.0,30704300.0,8324891000.0,4179.0,194.1,266.0,48600.0,262.0,163100.0,1725000000.0,450000000.0,450052500.0,1432500.0,1560000.0,,0.0,0.0,0.0
2024-12-09,262.0,264.0,266.0,270.0,252.0,256.0,-6.0,12748500.0,3304569000.0,2070.0,189.6,258.0,214700.0,256.0,92300.0,1725000000.0,450000000.0,450052500.0,473500.0,396700.0,,0.0,0.0,0.0
2024-12-10,256.0,260.0,258.0,268.0,240.0,252.0,-4.0,29984300.0,7619015000.0,3784.0,186.7,254.0,118800.0,252.0,19900.0,1725000000.0,450000000.0,450052500.0,1055500.0,1023300.0,,0.0,0.0,0.0
2024-12-11,252.0,254.0,256.0,258.0,244.0,244.0,-8.0,7940200.0,1985282400.0,1200.0,180.7,248.0,34300.0,244.0,60500.0,1725000000.0,450000000.0,450052500.0,406800.0,514000.0,,0.0,0.0,0.0
2024-12-12,244.0,246.0,248.0,252.0,236.0,238.0,-6.0,9012200.0,2199328200.0,1298.0,176.3,238.0,72500.0,236.0,341800.0,1725000000.0,450000000.0,450052500.0,234200.0,95100.0,,0.0,0.0,0.0
2024-12-13,238.0,240.0,242.0,242.0,230.0,230.0,-8.0,5918800.0,1383855600.0,891.0,170.4,232.0,49400.0,230.0,111000.0,1725000000.0,450000000.0,450052500.0,207800.0,156100.0,,0.0,0.0,0.0
2024-12-16,230.0,230.0,232.0,234.0,206.0,206.0,-24.0,11988100.0,2568463200.0,1685.0,152.6,206.0,2100.0,204.0,59900.0,1725000000.0,450000000.0,450052500.0,851700.0,2882500.0,,0.0,0.0,0.0
2024-12-17,206.0,210.0,210.0,224.0,196.0,196.0,-10.0,11363700.0,2333095900.0,2044.0,145.2,196.0,384200.0,195.0,174600.0,1725000000.0,450000000.0,450052500.0,1618600.0,1206900.0,,0.0,0.0,0.0
2024-12-18,196.0,195.0,196.0,250.0,194.0,250.0,54.0,86746700.0,20063378000.0,9731.0,185.2,252.0,263100.0,250.0,22500.0,1725000000.0,450000000.0,450052500.0,9096000.0,9138000.0,,0.0,0.0,0.0
2024-12-19,250.0,250.0,250.0,252.0,202.0,210.0,-40.0,38952400.0,8862879200.0,5440.0,155.6,214.0,39600.0,210.0,95600.0,1725000000.0,450000000.0,450052500.0,3968800.0,2967300.0,,0.0,0.0,0.0
2024-12-20,210.0,212.0,216.0,232.0,210.0,212.0,2.0,13946100.0,3070083200.0,2245.0,157.0,214.0,145900.0,212.0,69500.0,1725000000.0,450000000.0,450052500.0,1623800.0,1210400.0,,0.0,0.0,0.0
2024-12-23,212.0,216.0,216.0,218.0,198.0,198.0,-14.0,21625100.0,4386763200.0,1868.0,146.7,199.0,205500.0,198.0,62100.0,1725000000.0,450000000.0,450052500.0,980900.0,6953100.0,,0.0,0.0,0.0
2024-12-24,198.0,200.0,202.0,208.0,195.0,196.0,-2.0,8118200.0,1629964700.0,1189.0,145.2,196.0,152700.0,195.0,240500.0,1725000000.0,450000000.0,450052500.0,721400.0,1435000.0,,0.0,0.0,0.0
2024-12-27,196.0,196.0,197.0,208.0,195.0,195.0,-1.0,7129400.0,1416967700.0,964.0,144.4,196.0,17500.0,195.0,445600.0,1725000000.0,450000000.0,450052500.0,621600.0,1169000.0,,0.0,0.0,0.0
2024-12-30,195.0,197.0,198.0,198.0,185.0,188.0,-7.0,7539900.0,1423167200.0,1075.0,139.3,188.0,74600.0,187.0,50500.0,1725000000.0,450000000.0,450052500.0,1180000.0,996200.0,,0.0,0.0,0.0
2025-01-02,188.0,188.0,188.0,193.0,185.0,189.0,1.0,3304300.0,625063300.0,700.0,140.0,190.0,1700.0,189.0,18500.0,1725000000.0,450000000.0,280140000.0,403600.0,983800.0,,0.0,0.0,0.0
2025-01-03,189.0,189.0,189.0,212.0,188.0,193.0,4.0,22883400.0,4599738600.0,2992.0,143.0,195.0,9000.0,193.0,71200.0,1725000000.0,450000000.0,280140000.0,3557200.0,1269100.0,,0.0,0.0,0.0
2025-01-06,193.0,195.0,196.0,210.0,192.0,210.0,17.0,16612600.0,3357156800.0,2405.0,155.6,212.0,296300.0,210.0,140400.0,1725000000.0,450000000.0,280140000.0,2215400.0,1692100.0,,0.0,0.0,0.0
2025-01-07,210.0,210.0,212.0,212.0,196.0,202.0,-8.0,20375800.0,4197336300.0,2470.0,149.6,204.0,75800.0,202.0,46700.0,1725000000.0,450000000.0,280140000.0,1538100.0,2711800.0,,0.0,0.0,0.0
2025-01-08,202.0,204.0,204.0,206.0,193.0,194.0,-8.0,9508500.0,1877339900.0,1196.0,143.7,195.0,300.0,194.0,14700.0,1725000000.0,450000000.0,280140000.0,913200.0,323100.0,,15100.0,3004900.0,2.0
2025-01-09,194.0,196.0,196.0,196.0,185.0,185.0,-9.0,6476600.0,1226055000.0,795.0,137.0,186.0,66100.0,185.0,3500.0,1725000000.0,450000000.0,280140000.0,890400.0,631400.0,,0.0,0.0,0.0
2025-01-10,185.0,185.0,185.0,191.0,182.0,183.0,-2.0,5716200.0,1057673500.0,700.0,135.6,184.0,1800.0,183.0,161200.0,1725000000.0,450000000.0,280140000.0,394100.0,731500.0,,0.0,0.0,0.0
2025-01-13,183.0,188.0,185.0,188.0,174.0,180.0,-3.0,6454300.0,1160290400.0,884.0,133.3,181.0,103800.0,180.0,60200.0,1725000000.0,450000000.0,280140000.0,1120100.0,161000.0,,0.0,0.0,0.0
2025-01-14,180.0,178.0,180.0,188.0,178.0,183.0,3.0,4612700.0,840966700.0,597.0,135.6,183.0,98300.0,182.0,103300.0,1725000000.0,450000000.0,280140000.0,877800.0,1005100.0,,0.0,0.0,0.0
2025-01-15,183.0,183.0,183.0,185.0,177.0,180.0,-3.0,5414600.0,975642100.0,570.0,133.3,180.0,2413900.0,178.0,52300.0,1725000000.0,450000000.0,280140000.0,640400.0,532300.0,,0.0,0.0,0.0
2025-01-16,180.0,178.0,178.0,178.0,165.0,169.0,-11.0,15738900.0,2687816500.0,9790.0,125.2,169.0,320700.0,168.0,195200.0,1725000000.0,450000000.0,280140000.0,720900.0,664600.0,,0.0,0.0,0.0
2025-01-17,169.0,169.0,169.0,170.0,163.0,164.0,-5.0,7161000.0,1185057800.0,885.0,121.5,165.0,43300.0,164.0,140400.0,1725000000.0,450000000.0,280140000.0,256300.0,2627800.0,,0.0,0.0,0.0
2025-01-20,164.0,165.0,166.0,175.0,163.0,174.0,10.0,8975700.0,1532731800.0,1310.0,128.9,174.0,103400.0,173.0,1700.0,1725000000.0,450000000.0,280140000.0,659600.0,2099000.0,,0.0,0.0,0.0
2025-01-21,174.0,177.0,177.0,177.0,168.0,170.0,-4.0,4512500.0,771814800.0,820.0,125.9,171.0,200.0,170.0,117900.0,1725000000.0,450000000.0,280140000.0,489200.0,412300.0,,0.0,0.0,0.0
2025-01-22,170.0,170.0,170.0,181.0,168.0,168.0,-2.0,14755700.0,2581474000.0,1728.0,124.4,169.0,14000.0,168.0,392800.0,1725000000.0,450000000.0,280140000.0,2376600.0,376600.0,,0.0,0.0,0.0
2025-01-23,168.0,169.0,170.0,175.0,168.0,168.0,0.0,7181500.0,1228688500.0,741.0,124.4,168.0,35100.0,167.0,61000.0,1725000000.0,450000000.0,280140000.0,413100.0,3168800.0,,0.0,0.0,0.0
2025-01-24,168.0,167.0,167.0,171.0,167.0,168.0,0.0,2484600.0,418953300.0,363.0,124.4,168.0,144800.0,167.0,89900.0,1725000000.0,450000000.0,280140000.0,266600.0,0.0,,0.0,0.0,0.0
2025-01-30,168.0,167.0,167.0,168.0,156.0,156.0,-12.0,4226200.0,678642800.0,761.0,115.6,157.0,201100.0,156.0,66000.0,1725000000.0,450000000.0,280140000.0,74500.0,67700.0,,0.0,0.0,0.0
2025-01-31,156.0,156.0,156.0,165.0,151.0,159.0,3.0,5052600.0,789865700.0,638.0,117.8,159.0,329600.0,158.0,200.0,1725000000.0,450000000.0,280140000.0,61700.0,1599600.0,,0.0,0.0,0.0
2025-02-03,159.0,162.0,163.0,168.0,157.0,160.0,1.0,6790400.0,1088717000.0,906.0,118.5,160.0,186400.0,159.0,26000.0,1725000000.0,450000000.0,280140000.0,906900.0,247700.0,,0.0,0.0,0.0
2025-02-04,160.0,161.0,161.0,184.0,160.0,172.0,12.0,31674900.0,5538917900.0,4906.0,127.4,172.0,180600.0,171.0,38500.0,1725000000.0,450000000.0,280140000.0,2948500.0,3428900.0,,0.0,0.0,0.0
2025-02-05,172.0,172.0,172.0,179.0,161.0,168.0,-4.0,17772800.0,3018752100.0,3552.0,124.4,169.0,32200.0,168.0,11600.0,1725000000.0,450000000.0,280140000.0,1884300.0,925300.0,,0.0,0.0,0.0
2025-02-06,168.0,0.0,0.0,187.0,165.0,175.0,7.0,31684300.0,5596606500.0,4429.0,129.6,176.0,64000.0,175.0,90000.0,1725000000.0,450000000.0,280140000.0,2182200.0,2280700.0,,0.0,0.0,0.0
2025-02-07,175.0,177.0,177.0,178.0,166.0,170.0,-5.0,4560300.0,779434100.0,1056.0,125.9,170.0,182600.0,169.0,71600.0,1725000000.0,450000000.0,280140000.0,159400.0,54300.0,,0.0,0.0,0.0
2025-02-10,170.0,170.0,172.0,172.0,155.0,155.0,-15.0,6051300.0,984148700.0,1083.0,114.8,155.0,379400.0,154.0,132000.0,1725000000.0,450000000.0,280140000.0,443000.0,1200.0,,0.0,0.0,0.0
2025-02-11,155.0,154.0,154.0,159.0,146.0,150.0,-5.0,4350100.0,661030600.0,884.0,111.1,151.0,10400.0,150.0,14600.0,1725000000.0,450000000.0,280140000.0,1200.0,87100.0,,0.0,0.0,0.0
2025-02-12,150.0,150.0,150.0,155.0,148.0,150.0,0.0,2610900.0,393217400.0,446.0,111.1,151.0,25200.0,150.0,21600.0,1725000000.0,450000000.0,280140000.0,11000.0,371100.0,,0.0,0.0,0.0
2025-02-13,150.0,150.0,150.0,157.0,150.0,152.0,2.0,3049500.0,465836800.0,588.0,112.6,153.0,62700.0,152.0,53400.0,1725000000.0,450000000.0,280140000.0,197600.0,289500.0,,0.0,0.0,0.0
2025-02-14,152.0,152.0,152.0,153.0,150.0,151.0,-1.0,1272500.0,192526200.0,248.0,111.9,152.0,61100.0,151.0,19800.0,1725000000.0,450000000.0,280140000.0,0.0,128300.0,,0.0,0.0,0.0
2025-02-17,151.0,151.0,152.0,159.0,151.0,154.0,3.0,3644900.0,565387600.0,543.0,114.1,155.0,51800.0,154.0,31500.0,1725000000.0,450000000.0,280140000.0,0.0,422700.0,,0.0,0.0,0.0
2025-02-18,154.0,155.0,155.0,168.0,155.0,159.0,5.0,6055400.0,975462600.0,951.0,117.8,160.0,19700.0,159.0,55300.0,1725000000.0,450000000.0,280140000.0,236000.0,366600.0,,0.0,0.0,0.0
2025-02-19,159.0,160.0,161.0,163.0,157.0,159.0,0.0,2954100.0,472056200.0,491.0,117.8,160.0,42900.0,159.0,306000.0,1725000000.0,450000000.0,280140000.0,68100.0,109900.0,,0.0,0.0,0.0
2025-02-20,159.0,159.0,160.0,166.0,158.0,159.0,0.0,2523000.0,405162400.0,419.0,117.8,159.0,49300.0,158.0,62800.0,1725000000.0,450000000.0,280140000.0,4700.0,0.0,,0.0,0.0,0.0
2025-02-21,159.0,160.0,160.0,161.0,155.0,158.0,-1.0,1098200.0,173167400.0,218.0,117.0,158.0,36700.0,156.0,65500.0,1725000000.0,450000000.0,280140000.0,0.0,0.0,,0.0,0.0,0.0
2025-02-24,158.0,152.0,153.0,158.0,152.0,153.0,-5.0,2931200.0,452198100.0,372.0,113.3,155.0,20300.0,153.0,255700.0,1725000000.0,450000000.0,280140000.0,0.0,60000.0,,0.0,0.0,0.0
2025-02-25,153.0,153.0,154.0,158.0,151.0,151.0,-2.0,1826900.0,281634100.0,419.0,111.9,153.0,32300.0,151.0,64700.0,1725000000.0,450000000.0,280140000.0,0.0,180000.0,,0.0,0.0,0.0
2025-02-26,151.0,151.0,151.0,151.0,139.0,142.0,-9.0,4620100.0,662413200.0,742.0,105.2,144.0,23100.0,142.0,443700.0,1725000000.0,450000000.0,280140000.0,80000.0,172200.0,,0.0,0.0,0.0
2025-02-27,142.0,143.0,143.0,164.0,139.0,161.0,19.0,21854500.0,3275793800.0,1850.0,119.3,161.0,48900.0,160.0,52300.0,1725000000.0,450000000.0,280140000.0,143000.0,13852400.0,,0.0,0.0,0.0
2025-02-28,161.0,162.0,162.0,164.0,142.0,150.0,-11.0,8242900.0,1268403800.0,1480.0,111.1,151.0,22700.0,150.0,87100.0,1725000000.0,450000000.0,280140000.0,753300.0,129800.0,,0.0,0.0,0.0
2025-03-03,150.0,150.0,150.0,157.0,150.0,153.0,3.0,2273800.0,348396600.0,382.0,113.3,154.0,25000.0,153.0,24400.0,1725000000.0,450000000.0,280140000.0,0.0,375500.0,,0.0,0.0,0.0
2025-03-04,153.0,153.0,154.0,154.0,143.0,143.0,-10.0,3629300.0,539885600.0,360.0,105.9,146.0,400.0,143.0,62900.0,1725000000.0,450000000.0,280140000.0,123700.0,100000.0,,0.0,0.0,0.0
2025-03-05,143.0,145.0,146.0,162.0,145.0,149.0,6.0,13113300.0,2041561800.0,1473.0,110.4,149.0,21100.0,148.0,17900.0,1725000000.0,450000000.0,280140000.0,404200.0,5977000.0,,0.0,0.0,0.0
2025-03-06,149.0,150.0,150.0,152.0,148.0,150.0,1.0,1251900.0,187436300.0,426.0,111.1,151.0,75700.0,150.0,1500.0,1725000000.0,450000000.0,280140000.0,4500.0,19100.0,,0.0,0.0,0.0
2025-03-07,150.0,152.0,152.0,153.0,148.0,150.0,0.0,923000.0,138287300.0,254.0,111.1,150.0,90200.0,149.0,10600.0,1725000000.0,450000000.0,280140000.0,55100.0,106900.0,,0.0,0.0,0.0
2025-03-10,150.0,151.0,152.0,154.0,148.0,148.0,-2.0,5523900.0,830648800.0,375.0,109.6,149.0,72200.0,148.0,2500.0,1725000000.0,450000000.0,280140000.0,66500.0,4164600.0,,0.0,0.0,0.0
2025-03-11,148.0,148.0,148.0,150.0,146.0,147.0,-1.0,1614200.0,238826700.0,215.0,108.9,148.0,38700.0,147.0,900.0,1725000000.0,450000000.0,280140000.0,0.0,250000.0,,0.0,0.0,0.0
2025-03-12,147.0,146.0,146.0,149.0,142.0,143.0,-4.0,1817600.0,262163300.0,340.0,105.9,144.0,56800.0,143.0,5000.0,1725000000.0,450000000.0,280140000.0,0.0,366900.0,,0.0,0.0,0.0
2025-03-13,143.0,143.0,147.0,148.0,141.0,143.0,0.0,956400.0,136480600.0,226.0,105.9,144.0,23200.0,143.0,23000.0,1725000000.0,450000000.0,280140000.0,0.0,0.0,,0.0,0.0,0.0
2025-03-14,143.0,143.0,144.0,144.0,133.0,133.0,-10.0,2447300.0,336647600.0,434.0,98.5,133.0,61500.0,132.0,115100.0,1725000000.0,450000000.0,280140000.0,506000.0,100000.0,,0.0,0.0,0.0
2025-03-17,133.0,133.0,133.0,137.0,126.0,129.0,-4.0,2024700.0,265147300.0,488.0,95.6,129.0,294200.0,127.0,500.0,1725000000.0,450000000.0,280140000.0,145800.0,311500.0,,0.0,0.0,0.0
2025-03-18,129.0,129.0,130.0,150.0,100.0,119.0,-10.0,6129600.0,828291600.0,1532.0,88.1,119.0,14000.0,118.0,113600.0,1725000000.0,450000000.0,280140000.0,473800.0,275000.0,,0.0,0.0,0.0
2025-03-19,119.0,119.0,119.0,133.0,119.0,123.0,4.0,2934500.0,371637000.0,771.0,91.1,123.0,652800.0,122.0,5300.0,1725000000.0,450000000.0,280140000.0,0.0,128000.0,,0.0,0.0,0.0
2025-03-20,123.0,0.0,0.0,128.0,120.0,121.0,-2.0,1661800.0,203698500.0,189.0,89.6,121.0,87600.0,120.0,1137400.0,1725000000.0,450000000.0,280140000.0,0.0,616300.0,,0.0,0.0,0.0
2025-03-21,121.0,124.0,124.0,127.0,118.0,118.0,-3.0,1851500.0,227676500.0,378.0,87.4,118.0,50200.0,117.0,7500.0,1725000000.0,450000000.0,280140000.0,189500.0,0.0,,0.0,0.0,0.0
2025-03-24,118.0,118.0,117.0,118.0,95.0,114.0,-4.0,4526900.0,477830600.0,575.0,84.4,116.0,50000.0,114.0,116900.0,1725000000.0,450000000.0,280140000.0,257400.0,856000.0,,0.0,0.0,0.0
2025-03-25,114.0,115.0,115.0,118.0,105.0,105.0,-9.0,996100.0,107210500.0,242.0,77.8,106.0,18300.0,105.0,7500.0,1725000000.0,450000000.0,280140000.0,0.0,179700.0,,0.0,0.0,0.0
2025-03-26,105.0,106.0,107.0,118.0,106.0,114.0,9.0,2837400.0,322367900.0,667.0,84.4,115.0,9100.0,114.0,17600.0,1725000000.0,450000000.0,280140000.0,47200.0,40500.0,,0.0,0.0,0.0
2025-03-27,114.0,0.0,0.0,140.0,115.0,125.0,11.0,17001700.0,2221055800.0,2628.0,92.6,125.0,55500.0,124.0,4000.0,1725000000.0,450000000.0,280140000.0,1196900.0,0.0,,0.0,0.0,0.0
2025-04-08,125.0,117.0,116.0,125.0,110.0,110.0,-15.0,1778100.0,202413300.0,256.0,81.5,110.0,249600.0,109.0,120000.0,1725000000.0,450000000.0,280140000.0,0.0,388500.0,,0.0,0.0,0.0
2025-04-09,110.0,111.0,111.0,114.0,104.0,104.0,-6.0,1498500.0,163176800.0,191.0,77.0,104.0,108600.0,103.0,3000.0,1725000000.0,450000000.0,280140000.0,500.0,197100.0,,0.0,0.0,0.0
2025-04-10,104.0,107.0,107.0,128.0,107.0,116.0,12.0,3587500.0,431462300.0,664.0,85.9,116.0,76000.0,115.0,147100.0,1725000000.0,450000000.0,280140000.0,325700.0,100.0,,0.0,0.0,0.0
2025-04-11,116.0,116.0,116.0,129.0,108.0,117.0,1.0,2509500.0,302980400.0,630.0,86.7,118.0,1000.0,117.0,13800.0,1725000000.0,450000000.0,280140000.0,105300.0,252800.0,,0.0,0.0,0.0
2025-04-14,117.0,118.0,118.0,122.0,117.0,120.0,3.0,902700.0,107310300.0,212.0,88.9,120.0,223700.0,118.0,18800.0,1725000000.0,450000000.0,280140000.0,93400.0,0.0,,0.0,0.0,0.0
2025-04-15,120.0,118.0,120.0,122.0,114.0,118.0,-2.0,1605600.0,189312200.0,277.0,87.4,119.0,2500.0,116.0,6000.0,1725000000.0,450000000.0,280140000.0,0.0,314100.0,,0.0,0.0,0.0
2025-04-16,118.0,118.0,118.0,159.0,118.0,159.0,41.0,46242200.0,6888279300.0,6364.0,117.8,0.0,0.0,159.0,12308600.0,1725000000.0,450000000.0,280140000.0,2690300.0,2919300.0,,0.0,0.0,0.0
2025-04-17,159.0,163.0,163.0,170.0,139.0,140.0,-19.0,34565200.0,5346463200.0,4857.0,103.7,142.0,1000.0,140.0,58000.0,1725000000.0,450000000.0,280140000.0,4039300.0,1056600.0,,0.0,0.0,0.0
2025-04-21,140.0,143.0,144.0,156.0,139.0,141.0,1.0,8803800.0,1286121700.0,1782.0,104.4,142.0,34800.0,141.0,233700.0,1725000000.0,450000000.0,280140000.0,55200.0,1171600.0,,0.0,0.0,0.0
2025-04-22,141.0,143.0,143.0,146.0,140.0,146.0,5.0,2984500.0,426488000.0,591.0,108.1,146.0,292100.0,145.0,3000.0,1725000000.0,450000000.0,280140000.0,159800.0,70300.0,,0.0,0.0,0.0
2025-04-23,146.0,146.0,146.0,155.0,140.0,152.0,6.0,8566000.0,1258855200.0,931.0,112.6,152.0,9400.0,150.0,40600.0,1725000000.0,450000000.0,280140000.0,244200.0,3895000.0,,0.0,0.0,0.0
2025-04-24,152.0,157.0,157.0,162.0,148.0,151.0,-1.0,9527800.0,1482354500.0,1233.0,111.9,151.0,319300.0,150.0,22800.0,1725000000.0,450000000.0,280140000.0,2016400.0,0.0,,0.0,0.0,0.0
2025-04-25,151.0,152.0,152.0,157.0,150.0,153.0,2.0,6373800.0,982906400.0,609.0,113.3,153.0,19300.0,152.0,1600.0,1725000000.0,450000000.0,280140000.0,1000000.0,1046700.0,,0.0,0.0,0.0
2025-04-28,153.0,159.0,158.0,165.0,155.0,159.0,6.0,13387500.0,2145372500.0,2048.0,117.8,160.0,106000.0,159.0,81500.0,1725000000.0,450000000.0,280140000.0,1834500.0,190000.0,,0.0,0.0,0.0
2025-04-29,159.0,159.0,159.0,161.0,150.0,159.0,0.0,4534800.0,712999800.0,660.0,117.8,159.0,168800.0,158.0,245300.0,1725000000.0,450000000.0,280140000.0,147200.0,793500.0,,0.0,0.0,0.0
2025-04-30,159.0,159.0,159.0,163.0,156.0,160.0,1.0,5383200.0,863826700.0,539.0,118.5,160.0,263300.0,159.0,200.0,1725000000.0,450000000.0,280140000.0,9900.0,661800.0,,0.0,0.0,0.0
2025-05-02,160.0,161.0,162.0,163.0,159.0,160.0,0.0,1578800.0,253954800.0,259.0,118.5,161.0,154100.0,160.0,135500.0,1725000000.0,450000000.0,280140000.0,10200.0,0.0,,0.0,0.0,0.0
2025-05-05,160.0,161.0,161.0,164.0,159.0,160.0,0.0,3293600.0,530466500.0,509.0,118.5,160.0,367800.0,158.0,46500.0,1725000000.0,450000000.0,280140000.0,594900.0,0.0,,0.0,0.0,0.0
2025-05-06,160.0,0.0,0.0,160.0,155.0,155.0,-5.0,1821700.0,285452700.0,348.0,114.8,157.0,40000.0,155.0,262400.0,1725000000.0,450000000.0,280140000.0,21100.0,0.0,,0.0,0.0,0.0
2025-05-07,155.0,155.0,154.0,155.0,148.0,152.0,-3.0,2365000.0,358680900.0,390.0,112.6,152.0,17800.0,151.0,99300.0,1725000000.0,450000000.0,280140000.0,12600.0,0.0,,0.0,0.0,0.0
2025-05-08,152.0,152.0,152.0,155.0,148.0,151.0,-1.0,1218000.0,183658200.0,251.0,111.9,152.0,25700.0,151.0,68200.0,1725000000.0,450000000.0,280140000.0,29000.0,0.0,,0.0,0.0,0.0
2025-05-09,151.0,151.0,151.0,176.0,150.0,163.0,12.0,27090300.0,4544787400.0,3579.0,120.7,163.0,154100.0,162.0,14500.0,1725000000.0,450000000.0,280140000.0,283000.0,0.0,,0.0,0.0,0.0
2025-05-14,163.0,165.0,165.0,168.0,159.0,166.0,3.0,7403800.0,1207167300.0,1303.0,123.0,166.0,109500.0,165.0,29500.0,1725000000.0,450000000.0,280140000.0,439700.0,311800.0,,0.0,0.0,0.0
2025-05-15,166.0,167.0,166.0,169.0,162.0,166.0,0.0,4140600.0,685413900.0,478.0,123.0,167.0,117000.0,166.0,51600.0,1725000000.0,450000000.0,280140000.0,0.0,0.0,,0.0,0.0,0.0
2025-05-16,166.0,166.0,166.0,169.0,163.0,164.0,-2.0,1304500.0,216606900.0,285.0,121.5,164.0,231900.0,163.0,60000.0,1725000000.0,450000000.0,280140000.0,64200.0,21100.0,,0.0,0.0,0.0
2025-05-19,164.0,164.0,164.0,172.0,160.0,164.0,0.0,3283900.0,542601700.0,528.0,121.5,165.0,50000.0,164.0,101600.0,1725000000.0,450000000.0,280140000.0,335800.0,0.0,,0.0,0.0,0.0
2025-05-20,164.0,170.0,169.0,178.0,164.0,173.0,9.0,12247800.0,2115932900.0,2025.0,128.1,174.0,12400.0,173.0,81800.0,1725000000.0,450000000.0,280140000.0,408900.0,0.0,,0.0,0.0,0.0
2025-05-21,173.0,173.0,173.0,185.0,166.0,171.0,-2.0,14825300.0,2632607900.0,2047.0,126.7,171.0,114200.0,170.0,242200.0,1725000000.0,450000000.0,280140000.0,553500.0,0.0,,0.0,0.0,0.0
2025-05-22,171.0,170.0,170.0,176.0,169.0,171.0,0.0,4734900.0,816997200.0,392.0,126.7,171.0,136300.0,170.0,152500.0,1725000000.0,450000000.0,280140000.0,144500.0,0.0,,0.0,0.0,0.0
2025-05-23,171.0,171.0,170.0,173.0,166.0,168.0,-3.0,2589000.0,436796400.0,318.0,124.4,168.0,65200.0,167.0,122100.0,1725000000.0,450000000.0,280140000.0,0.0,0.0,,0.0,0.0,0.0
2025-05-26,168.0,167.0,168.0,176.0,167.0,170.0,2.0,1560200.0,265572700.0,297.0,125.9,170.0,429200.0,169.0,30000.0,1725000000.0,450000000.0,280140000.0,0.0,72300.0,,0.0,0.0,0.0
2025-05-27,170.0,170.0,171.0,172.0,166.0,168.0,-2.0,1319000.0,223170800.0,202.0,124.4,168.0,35200.0,167.0,39800.0,1725000000.0,450000000.0,280140000.0,138600.0,0.0,,0.0,0.0,0.0
2025-05-28,168.0,168.0,169.0,172.0,165.0,168.0,0.0,1015700.0,170344800.0,207.0,124.4,168.0,124900.0,167.0,40300.0,1725000000.0,450000000.0,280140000.0,36600.0,0.0,,0.0,0.0,0.0
2025-06-02,168.0,168.0,168.0,168.0,161.0,165.0,-3.0,1248200.0,205819200.0,254.0,122.2,166.0,21600.0,165.0,29100.0,1725000000.0,450000000.0,280140000.0,23200.0,249300.0,,0.0,0.0,0.0
2025-06-03,165.0,165.0,163.0,167.0,162.0,165.0,0.0,2276300.0,373243000.0,210.0,122.2,165.0,23700.0,164.0,75200.0,1725000000.0,450000000.0,280140000.0,0.0,1650000.0,,0.0,0.0,0.0
2025-06-04,165.0,165.0,166.0,167.0,161.0,162.0,-3.0,916200.0,148739900.0,198.0,120.0,164.0,14400.0,162.0,57100.0,1725000000.0,450000000.0,280140000.0,0.0,0.0,,0.0,0.0,0.0
2025-06-05,162.0,164.0,163.0,164.0,152.0,154.0,-8.0,3500700.0,545460900.0,544.0,114.1,154.0,88400.0,153.0,22500.0,1725000000.0,450000000.0,280140000.0,335800.0,0.0,,0.0,0.0,0.0
2025-06-10,154.0,153.0,154.0,162.0,153.0,160.0,6.0,1311200.0,206619600.0,341.0,118.5,160.0,99100.0,159.0,32100.0,1725000000.0,450000000.0,280140000.0,0.0,79700.0,,0.0,0.0,0.0
2025-06-11,160.0,161.0,161.0,181.0,156.0,171.0,11.0,6436700.0,1103592300.0,850.0,126.7,171.0,146200.0,170.0,58400.0,1725000000.0,450000000.0,280140000.0,500000.0,0.0,,0.0,0.0,0.0
2025-06-12,171.0,173.0,173.0,182.0,167.0,175.0,4.0,6245600.0,1096672400.0,767.0,129.6,176.0,56000.0,175.0,14200.0,1725000000.0,450000000.0,280140000.0,521100.0,0.0,,0.0,0.0,0.0
2025-06-13,175.0,180.0,179.0,180.0,170.0,171.0,-4.0,1929200.0,336450000.0,405.0,126.7,171.0,133800.0,170.0,105000.0,1725000000.0,450000000.0,280140000.0,500000.0,0.0,,0.0,0.0,0.0
2025-06-16,171.0,171.0,171.0,175.0,164.0,166.0,-5.0,1014700.0,170530200.0,282.0,123.0,167.0,6600.0,166.0,9100.0,1725000000.0,450000000.0,280140000.0,0.0,0.0,,0.0,0.0,0.0
2025-06-17,166.0,167.0,167.0,174.0,165.0,165.0,-1.0,558400.0,93259900.0,211.0,122.2,165.0,40900.0,164.0,13900.0,1725000000.0,450000000.0,280140000.0,0.0,0.0,,0.0,0.0,0.0
2025-06-18,165.0,0.0,0.0,167.0,160.0,163.0,-2.0,1053500.0,170759700.0,236.0,120.7,163.0,110700.0,162.0,117200.0,1725000000.0,450000000.0,280140000.0,200000.0,0.0,,500000.0,15000000.0,1.0
2025-06-19,163.0,163.0,163.0,163.0,158.0,160.0,-3.0,1161700.0,186010500.0,182.0,118.5,160.0,306000.0,159.0,10000.0,1725000000.0,450000000.0,280140000.0,78400.0,0.0,,0.0,0.0,0.0
2025-06-20,160.0,160.0,160.0,160.0,153.0,155.0,-5.0,1388900.0,215857900.0,180.0,114.8,156.0,30100.0,155.0,39300.0,1725000000.0,450000000.0,280140000.0,221600.0,0.0,,0.0,0.0,0.0
2025-06-23,155.0,153.0,153.0,153.0,141.0,148.0,-7.0,1206300.0,177886900.0,237.0,109.6,148.0,7300.0,147.0,16400.0,1725000000.0,450000000.0,280140000.0,0.0,83700.0,,0.0,0.0,0.0
2025-06-24,148.0,0.0,0.0,159.0,148.0,153.0,5.0,704800.0,108129600.0,234.0,113.3,153.0,46800.0,152.0,3500.0,1725000000.0,450000000.0,280140000.0,0.0,0.0,,0.0,0.0,0.0
2025-06-25,153.0,0.0,0.0,155.0,149.0,149.0,-4.0,435500.0,66156700.0,119.0,110.4,149.0,41200.0,148.0,8200.0,1725000000.0,450000000.0,280140000.0,71900.0,0.0,,0.0,0.0,0.0
2025-06-26,149.0,149.0,149.0,157.0,147.0,155.0,6.0,1510600.0,231914100.0,405.0,114.8,155.0,202800.0,149.0,600.0,1725000000.0,450000000.0,280140000.0,94400.0,0.0,,0.0,0.0,0.0
2025-06-30,155.0,155.0,155.0,160.0,150.0,154.0,-1.0,4865700.0,758527400.0,315.0,114.1,155.0,2300.0,154.0,70000.0,1725000000.0,450000000.0,280140000.0,0.0,3688500.0,,0.0,0.0,0.0
2025-07-01,154.0,154.0,160.0,161.0,153.0,154.0,0.0,535200.0,83777000.0,171.0,114.1,156.0,15700.0,154.0,173200.0,1725000000.0,450000000.0,341205000.0,0.0,0.0,,0.0,0.0,0.0
2025-07-02,154.0,154.0,154.0,157.0,150.0,152.0,-2.0,998600.0,152525800.0,184.0,112.6,153.0,127200.0,152.0,11500.0,1725000000.0,450000000.0,341205000.0,0.0,0.0,,0.0,0.0,0.0
2025-07-03,152.0,152.0,153.0,154.0,151.0,152.0,0.0,140200.0,21332100.0,60.0,112.6,152.0,7100.0,151.0,28400.0,1725000000.0,450000000.0,341205000.0,0.0,0.0,,0.0,0.0,0.0
2025-07-04,152.0,152.0,152.0,153.0,148.0,151.0,-1.0,828400.0,124010700.0,83.0,111.9,151.0,2100.0,150.0,300.0,1725000000.0,450000000.0,341205000.0,0.0,0.0,,0.0,0.0,0.0
2025-07-07,151.0,151.0,151.0,153.0,149.0,151.0,0.0,56400.0,8499200.0,29.0,111.9,151.0,5500.0,150.0,18000.0,1725000000.0,450000000.0,341205000.0,0.0,0.0,,0.0,0.0,0.0
2025-07-08,151.0,152.0,153.0,159.0,152.0,156.0,5.0,590300.0,91807200.0,216.0,115.6,155.0,2300.0,153.0,13600.0,1725000000.0,450000000.0,341205000.0,47900.0,0.0,,0.0,0.0,0.0
2025-07-09,156.0,156.0,156.0,161.0,153.0,156.0,0.0,392500.0,61434100.0,181.0,115.6,156.0,118300.0,154.0,6100.0,1725000000.0,450000000.0,341205000.0,1600.0,0.0,,0.0,0.0,0.0
2025-07-10,156.0,0.0,0.0,156.0,149.0,153.0,-3.0,867600.0,132064600.0,215.0,113.3,154.0,10100.0,153.0,9300.0,1725000000.0,450000000.0,341205000.0,0.0,0.0,,0.0,0.0,0.0
2025-07-11,153.0,153.0,154.0,154.0,149.0,153.0,0.0,293900.0,44599200.0,93.0,113.3,152.0,21600.0,151.0,4800.0,1725000000.0,450000000.0,341205000.0,0.0,0.0,,0.0,0.0,0.0
2025-07-14,153.0,0.0,0.0,153.0,147.0,151.0,-2.0,630600.0,94020600.0,171.0,111.9,151.0,53800.0,149.0,5500.0,1725000000.0,450000000.0,341205000.0,300.0,0.0,,0.0,0.0,0.0
2025-07-15,151.0,0.0,0.0,151.0,146.0,147.0,-4.0,433600.0,63960000.0,97.0,108.9,147.0,9800.0,146.0,35700.0,1725000000.0,450000000.0,341205000.0,6100.0,0.0,,0.0,0.0,0.0
2025-07-16,147.0,150.0,150.0,155.0,143.0,147.0,0.0,725000.0,108382600.0,154.0,108.9,147.0,58300.0,146.0,12800.0,1725000000.0,450000000.0,341205000.0,25800.0,5000.0,,0.0,0.0,0.0
2025-07-17,147.0,147.0,146.0,149.0,143.0,145.0,-2.0,611800.0,88707400.0,125.0,107.4,146.0,10000.0,144.0,16100.0,1725000000.0,450000000.0,341205000.0,100.0,0.0,,0.0,0.0,0.0
2025-07-18,145.0,0.0,0.0,147.0,141.0,142.0,-3.0,1448700.0,206302700.0,202.0,105.2,143.0,130800.0,142.0,292500.0,1725000000.0,450000000.0,341205000.0,0.0,0.0,,0.0,0.0,0.0
2025-07-21,142.0,142.0,141.0,142.0,138.0,141.0,-1.0,687000.0,96733700.0,154.0,104.4,141.0,38900.0,140.0,187800.0,1725000000.0,450000000.0,341205000.0,4700.0,5000.0,,0.0,0.0,0.0
2025-07-22,141.0,141.0,141.0,141.0,136.0,136.0,-5.0,1039500.0,143152500.0,227.0,100.7,137.0,28400.0,136.0,855600.0,1725000000.0,450000000.0,341205000.0,0.0,0.0,,0.0,0.0,0.0
2025-07-23,136.0,137.0,137.0,140.0,135.0,138.0,2.0,1027900.0,140681600.0,172.0,102.2,138.0,1142500.0,135.0,318200.0,1725000000.0,450000000.0,341205000.0,65800.0,0.0,,0.0,0.0,0.0
2025-07-24,138.0,140.0,140.0,141.0,137.0,140.0,2.0,509000.0,70350000.0,124.0,103.7,140.0,62200.0,139.0,19100.0,1725000000.0,450000000.0,341205000.0,4700.0,2500.0,,0.0,0.0,0.0
2025-07-25,140.0,139.0,139.0,139.0,134.0,137.0,-3.0,612900.0,83219600.0,110.0,101.5,138.0,20000.0,137.0,154300.0,1725000000.0,450000000.0,341205000.0,0.0,0.0,,0.0,0.0,0.0
2025-07-28,137.0,137.0,136.0,143.0,135.0,140.0,3.0,3591100.0,499486700.0,188.0,103.7,140.0,25300.0,139.0,20100.0,1725000000.0,450000000.0,341205000.0,0.0,2352500.0,,0.0,0.0,0.0
2025-07-29,140.0,140.0,143.0,143.0,134.0,136.0,-4.0,1878800.0,256404000.0,303.0,100.7,137.0,25800.0,136.0,463200.0,1725000000.0,450000000.0,341205000.0,0.0,0.0,,0.0,0.0,0.0
2025-07-30,136.0,136.0,137.0,137.0,132.0,135.0,-1.0,556100.0,74701800.0,147.0,100.0,135.0,99000.0,133.0,2600.0,1725000000.0,450000000.0,341205000.0,0.0,0.0,,0.0,0.0,0.0
2025-07-31,135.0,135.0,137.0,152.0,135.0,145.0,10.0,12885200.0,1866350400.0,1832.0,107.4,145.0,215200.0,143.0,200.0,1725000000.0,450000000.0,341205000.0,621300.0,0.0,,0.0,0.0,0.0
2025-08-01,145.0,142.0,141.0,145.0,141.0,141.0,-4.0,2075800.0,295132400.0,320.0,104.4,143.0,15500.0,141.0,1600.0,1725000000.0,1725000000.0,341205000.0,1600.0,0.0,,0.0,0.0,0.0
2025-08-04,141.0,141.0,142.0,145.0,136.0,142.0,1.0,2201700.0,308454100.0,268.0,105.2,142.0,111700.0,138.0,55800.0,1725000000.0,1725000000.0,341205000.0,5000.0,0.0,,0.0,0.0,0.0
2025-08-05,142.0,142.0,141.0,142.0,137.0,138.0,-4.0,701900.0,97419200.0,179.0,102.2,139.0,100.0,138.0,100.0,1725000000.0,1725000000.0,341205000.0,11400.0,0.0,,0.0,0.0,0.0
2025-08-06,138.0,136.0,136.0,142.0,136.0,140.0,2.0,2315000.0,323608500.0,123.0,103.7,141.0,148300.0,140.0,29700.0,1725000000.0,1725000000.0,341205000.0,17100.0,0.0,,0.0,0.0,0.0
2025-08-07,140.0,142.0,142.0,142.0,136.0,138.0,-2.0,785500.0,108700300.0,139.0,102.2,138.0,18800.0,137.0,20600.0,1725000000.0,1725000000.0,341205000.0,19800.0,0.0,,0.0,0.0,0.0
2025-08-08,138.0,136.0,136.0,140.0,135.0,137.0,-1.0,1899200.0,259859100.0,133.0,101.5,138.0,17100.0,137.0,2000400.0,1725000000.0,1725000000.0,341205000.0,111500.0,1200000.0,,0.0,0.0,0.0
2025-08-11,137.0,137.0,138.0,138.0,131.0,134.0,-3.0,2032300.0,274514900.0,314.0,99.3,134.0,112400.0,133.0,194800.0,1725000000.0,1725000000.0,341205000.0,0.0,0.0,,0.0,0.0,0.0
2025-08-12,134.0,134.0,134.0,138.0,134.0,136.0,2.0,926200.0,125663100.0,236.0,100.7,137.0,123200.0,136.0,500.0,1725000000.0,1725000000.0,341205000.0,0.0,0.0,,0.0,0.0,0.0
2025-08-13,136.0,136.0,137.0,137.0,132.0,133.0,-3.0,2165500.0,289306300.0,268.0,98.5,136.0,108300.0,133.0,70900.0,1725000000.0,1725000000.0,341205000.0,0.0,0.0,,0.0,0.0,0.0
2025-08-14,133.0,133.0,134.0,140.0,133.0,136.0,3.0,4069000.0,561564100.0,530.0,100.7,136.0,107900.0,135.0,166800.0,1725000000.0,1725000000.0,341205000.0,0.0,5000.0,,0.0,0.0,0.0
2025-08-15,136.0,138.0,138.0,138.0,134.0,136.0,0.0,931500.0,126366400.0,124.0,100.7,136.0,67900.0,135.0,32000.0,1725000000.0,1725000000.0,341205000.0,317000.0,0.0,,0.0,0.0,0.0
2025-08-19,136.0,136.0,137.0,138.0,134.0,135.0,-1.0,893800.0,120591200.0,155.0,100.0,135.0,15400.0,134.0,100500.0,1725000000.0,1725000000.0,341205000.0,122700.0,0.0,,0.0,0.0,0.0
2025-08-20,135.0,0.0,0.0,138.0,134.0,135.0,0.0,403700.0,54394800.0,102.0,100.0,135.0,21100.0,134.0,39700.0,1725000000.0,1725000000.0,341205000.0,36000.0,0.0,,0.0,0.0,0.0
2025-08-21,135.0,136.0,137.0,146.0,133.0,138.0,3.0,8274800.0,1157656000.0,1699.0,102.2,138.0,73500.0,137.0,137000.0,1725000000.0,1725000000.0,341205000.0,847600.0,994800.0,,0.0,0.0,0.0
2025-08-22,138.0,140.0,140.0,141.0,136.0,139.0,1.0,2516700.0,349820100.0,335.0,103.0,140.0,394700.0,138.0,113400.0,1725000000.0,1725000000.0,341205000.0,0.0,253500.0,,0.0,0.0,0.0
2025-08-25,139.0,139.0,140.0,143.0,139.0,140.0,1.0,1902700.0,266505600.0,267.0,103.7,140.0,113500.0,139.0,89100.0,1725000000.0,1725000000.0,341205000.0,2200.0,0.0,,0.0,0.0,0.0
2025-08-26,140.0,140.0,141.0,143.0,137.0,140.0,0.0,2674600.0,373093400.0,335.0,103.7,140.0,262600.0,139.0,200.0,1725000000.0,1725000000.0,341205000.0,8900.0,0.0,,0.0,0.0,0.0
2025-08-27,140.0,140.0,140.0,158.0,138.0,150.0,10.0,49452400.0,7320976200.0,9509.0,111.1,150.0,88500.0,149.0,217700.0,1725000000.0,1725000000.0,341205000.0,1698400.0,973100.0,,0.0,0.0,0.0
2025-08-28,150.0,152.0,153.0,153.0,147.0,150.0,0.0,9136300.0,1370831700.0,738.0,111.1,150.0,159600.0,149.0,258900.0,1725000000.0,1725000000.0,341205000.0,819800.0,695900.0,,0.0,0.0,0.0
2025-08-29,150.0,150.0,149.0,152.0,140.0,144.0,-6.0,3490800.0,507940900.0,528.0,106.7,144.0,61200.0,143.0,95300.0,1725000000.0,1725000000.0,341205000.0,495700.0,487200.0,,0.0,0.0,0.0
2025-09-01,144.0,139.0,139.0,145.0,136.0,143.0,-1.0,2170900.0,302021500.0,263.0,105.9,143.0,130800.0,142.0,30800.0,1725000000.0,1725000000.0,341205000.0,0.0,549800.0,,0.0,0.0,0.0
2025-09-02,143.0,148.0,143.0,150.0,143.0,146.0,3.0,1946500.0,284121500.0,274.0,108.1,147.0,91000.0,146.0,23300.0,1725000000.0,1725000000.0,341205000.0,5000.0,0.0,,0.0,0.0,0.0
2025-09-03,146.0,146.0,146.0,149.0,142.0,142.0,-4.0,1602900.0,233508900.0,210.0,105.2,142.0,17000.0,141.0,54000.0,1725000000.0,1725000000.0,341205000.0,89500.0,0.0,,0.0,0.0,0.0
2025-09-04,142.0,143.0,143.0,149.0,140.0,140.0,-2.0,1516800.0,217154600.0,226.0,103.7,143.0,38900.0,140.0,95100.0,1725000000.0,1725000000.0,341205000.0,130900.0,0.0,,0.0,0.0,0.0
2025-09-08,140.0,143.0,143.0,145.0,138.0,138.0,-2.0,3534000.0,492749700.0,200.0,102.2,139.0,138100.0,138.0,413100.0,1725000000.0,1725000000.0,341205000.0,115600.0,321000.0,,0.0,0.0,0.0
2025-09-09,138.0,138.0,137.0,186.0,136.0,186.0,48.0,40280400.0,6743345700.0,2046.0,137.8,0.0,0.0,186.0,626200.0,1725000000.0,1725000000.0,341205000.0,1979600.0,1726700.0,,0.0,0.0,0.0
2025-09-10,186.0,199.0,198.0,226.0,172.0,177.0,-9.0,184073700.0,37712071500.0,16235.0,131.1,177.0,875000.0,176.0,133800.0,1725000000.0,1725000000.0,341205000.0,8084500.0,5846700.0,,0.0,0.0,0.0
2025-09-11,177.0,179.0,179.0,191.0,167.0,179.0,2.0,25410100.0,4581043300.0,3093.0,132.6,179.0,4900.0,178.0,300.0,1725000000.0,1725000000.0,341205000.0,1358300.0,1569500.0,,0.0,0.0,0.0
2025-09-12,179.0,180.0,180.0,187.0,176.0,186.0,7.0,15958700.0,2890184600.0,1448.0,137.8,186.0,19100.0,185.0,88400.0,1725000000.0,1725000000.0,341205000.0,228100.0,1345200.0,,0.0,0.0,0.0
2025-09-15,186.0,190.0,190.0,191.0,184.0,185.0,-1.0,7043000.0,1316455700.0,736.0,137.0,185.0,91000.0,184.0,112600.0,1725000000.0,1725000000.0,341205000.0,634800.0,266900.0,,0.0,0.0,0.0
2025-09-16,185.0,186.0,186.0,196.0,182.0,188.0,3.0,26077200.0,4953202300.0,2577.0,139.3,188.0,49300.0,187.0,142500.0,1725000000.0,1725000000.0,341205000.0,1600100.0,1470000.0,,0.0,0.0,0.0
2025-09-17,188.0,195.0,195.0,206.0,189.0,189.0,1.0,20792600.0,4056578500.0,2049.0,140.0,190.0,123200.0,189.0,249700.0,1725000000.0,1725000000.0,341205000.0,904100.0,1390700.0,,0.0,0.0,0.0
2025-09-18,189.0,190.0,190.0,196.0,181.0,184.0,-5.0,12768100.0,2413313000.0,1240.0,136.3,184.0,99200.0,183.0,82200.0,1725000000.0,1725000000.0,341205000.0,390100.0,422300.0,,0.0,0.0,0.0
2025-09-19,184.0,184.0,185.0,186.0,178.0,178.0,-6.0,7550800.0,1377439000.0,560.0,131.9,180.0,1000.0,178.0,104500.0,1725000000.0,1725000000.0,341205000.0,215900.0,2698800.0,,0.0,0.0,0.0
2025-09-22,178.0,185.0,185.0,185.0,172.0,180.0,2.0,5174300.0,913957100.0,778.0,133.3,180.0,36000.0,179.0,48500.0,1725000000.0,1725000000.0,341205000.0,206600.0,268300.0,,0.0,0.0,0.0
2025-09-23,180.0,181.0,180.0,183.0,176.0,181.0,1.0,1835100.0,329774400.0,335.0,134.1,180.0,8000.0,179.0,51200.0,1725000000.0,1725000000.0,341205000.0,46200.0,0.0,,0.0,0.0,0.0
2025-09-24,181.0,182.0,182.0,182.0,169.0,171.0,-10.0,5993200.0,1036956000.0,718.0,126.7,172.0,17500.0,171.0,21100.0,1725000000.0,1725000000.0,341205000.0,169300.0,88500.0,,0.0,0.0,0.0
2025-09-25,171.0,172.0,171.0,172.0,155.0,156.0,-15.0,7102000.0,1137539300.0,1024.0,115.6,157.0,6000.0,156.0,347500.0,1725000000.0,1725000000.0,341205000.0,243600.0,521400.0,,0.0,0.0,0.0
2025-09-26,156.0,157.0,160.0,172.0,157.0,163.0,7.0,6148100.0,1011421600.0,1548.0,120.7,165.0,6300.0,163.0,15400.0,1725000000.0,1725000000.0,341205000.0,296400.0,198300.0,,0.0,0.0,0.0
2025-09-29,163.0,165.0,167.0,172.0,163.0,164.0,1.0,3282600.0,548289700.0,485.0,121.5,165.0,22800.0,164.0,9000.0,1725000000.0,1725000000.0,341205000.0,330200.0,234100.0,,0.0,0.0,0.0
2025-09-30,164.0,164.0,164.0,168.0,164.0,166.0,2.0,2623900.0,433648600.0,682.0,123.0,167.0,106900.0,166.0,137300.0,1725000000.0,1725000000.0,341205000.0,325100.0,4400.0,,0.0,0.0,0.0
2025-10-01,166.0,170.0,170.0,170.0,162.0,163.0,-3.0,5473200.0,892508300.0,272.0,120.7,166.0,84800.0,163.0,52800.0,1725000000.0,1725000000.0,341205000.0,171600.0,4127900.0,,0.0,0.0,0.0
2025-10-02,163.0,163.0,163.0,167.0,159.0,161.0,-2.0,1651200.0,268203500.0,235.0,119.3,161.0,5300.0,160.0,11700.0,1725000000.0,1725000000.0,341205000.0,165300.0,0.0,,0.0,0.0,0.0
2025-10-03,161.0,157.0,157.0,162.0,156.0,157.0,-4.0,2182800.0,345315200.0,259.0,116.3,157.0,36600.0,156.0,436500.0,1725000000.0,1725000000.0,341205000.0,75600.0,366400.0,,0.0,0.0,0.0
2025-10-06,157.0,156.0,156.0,158.0,153.0,155.0,-2.0,2100700.0,326223500.0,272.0,114.8,157.0,12100.0,155.0,33200.0,1725000000.0,1725000000.0,341205000.0,11800.0,589300.0,,0.0,0.0,0.0
2025-10-07,155.0,156.0,160.0,160.0,153.0,153.0,-2.0,605800.0,94022800.0,196.0,113.3,155.0,11700.0,153.0,24100.0,1725000000.0,1725000000.0,341205000.0,14400.0,75500.0,,0.0,0.0,0.0
2025-10-08,153.0,152.0,152.0,154.0,147.0,152.0,-1.0,2183400.0,326459300.0,329.0,112.6,152.0,6700.0,151.0,1100.0,1725000000.0,1725000000.0,341205000.0,261300.0,639800.0,,0.0,0.0,0.0
2025-10-09,152.0,152.0,152.0,170.0,151.0,165.0,13.0,9884600.0,1619799200.0,1267.0,122.2,166.0,63500.0,165.0,239500.0,1725000000.0,1725000000.0,341205000.0,1964200.0,1067800.0,,0.0,0.0,0.0
2025-10-10,165.0,179.0,180.0,199.0,165.0,165.0,0.0,43901100.0,8006102700.0,6407.0,122.2,166.0,40700.0,165.0,154000.0,1725000000.0,1725000000.0,341205000.0,2246100.0,872300.0,,0.0,0.0,0.0
2025-10-13,165.0,165.0,163.0,165.0,154.0,159.0,-6.0,4172100.0,658970400.0,722.0,117.8,160.0,7500.0,159.0,572900.0,1725000000.0,1725000000.0,341205000.0,149200.0,920900.0,,0.0,0.0,0.0
2025-10-14,159.0,160.0,160.0,167.0,151.0,153.0,-6.0,5865500.0,930373800.0,686.0,113.3,153.0,19300.0,152.0,47400.0,1725000000.0,1725000000.0,341205000.0,195100.0,1533400.0,,0.0,0.0,0.0
2025-10-15,153.0,154.0,153.0,156.0,148.0,148.0,-5.0,2570300.0,385444000.0,408.0,109.6,152.0,106700.0,148.0,80300.0,1725000000.0,1725000000.0,341205000.0,55200.0,153900.0,,0.0,0.0,0.0
2025-10-16,148.0,150.0,148.0,158.0,147.0,155.0,7.0,3103900.0,469866000.0,503.0,114.8,155.0,18300.0,154.0,17800.0,1725000000.0,1725000000.0,341205000.0,506200.0,183600.0,,0.0,0.0,0.0
2025-10-17,155.0,155.0,156.0,160.0,142.0,148.0,-7.0,2871100.0,422716600.0,416.0,109.6,149.0,2600.0,147.0,680200.0,1725000000.0,1725000000.0,341205000.0,599200.0,490700.0,,0.0,0.0,0.0
2025-10-20,148.0,148.0,148.0,152.0,143.0,149.0,1.0,1323900.0,195586600.0,250.0,110.4,149.0,27000.0,148.0,7000.0,1725000000.0,1725000000.0,341205000.0,249500.0,201000.0,,0.0,0.0,0.0
2025-10-21,149.0,149.0,149.0,154.0,146.0,150.0,1.0,1669500.0,248177000.0,232.0,111.1,150.0,800.0,148.0,26200.0,1725000000.0,1725000000.0,341205000.0,111100.0,145200.0,,0.0,0.0,0.0
2025-10-22,150.0,152.0,150.0,155.0,149.0,153.0,3.0,1451900.0,219701700.0,305.0,113.3,153.0,120900.0,152.0,4800.0,1725000000.0,1725000000.0,341205000.0,219000.0,0.0,,0.0,0.0,0.0
2025-10-23,153.0,153.0,153.0,154.0,150.0,151.0,-2.0,1206900.0,183207800.0,433.0,111.9,151.0,64300.0,150.0,298700.0,1725000000.0,1725000000.0,341205000.0,40900.0,5000.0,,0.0,0.0,0.0
2025-10-24,151.0,0.0,0.0,153.0,147.0,149.0,-2.0,3240900.0,483633900.0,265.0,110.4,150.0,27200.0,149.0,2500.0,1725000000.0,1725000000.0,341205000.0,1515600.0,75900.0,,0.0,0.0,0.0
2025-10-27,149.0,152.0,150.0,152.0,146.0,147.0,-2.0,1872900.0,276750200.0,220.0,108.9,148.0,18000.0,147.0,118800.0,1725000000.0,1725000000.0,341205000.0,114700.0,600000.0,,0.0,0.0,0.0
2025-10-28,147.0,147.0,149.0,155.0,147.0,152.0,5.0,2098300.0,316693300.0,279.0,112.6,151.0,50000.0,148.0,1900.0,1725000000.0,1725000000.0,341205000.0,90400.0,351200.0,,0.0,0.0,0.0
2025-10-29,152.0,149.0,149.0,150.0,146.0,146.0,-6.0,3060900.0,450836800.0,349.0,108.1,147.0,5000.0,146.0,171300.0,1725000000.0,1725000000.0,341205000.0,7200.0,239800.0,,0.0,0.0,0.0
2025-10-30,146.0,146.0,147.0,150.0,146.0,148.0,2.0,679200.0,100320300.0,202.0,109.6,148.0,78200.0,147.0,93200.0,1725000000.0,1725000000.0,341205000.0,5000.0,102300.0,,0.0,0.0,0.0
2025-10-31,148.0,154.0,153.0,154.0,147.0,151.0,3.0,6502400.0,982539200.0,591.0,111.9,152.0,228800.0,151.0,324400.0,1725000000.0,1725000000.0,341205000.0,86100.0,90700.0,,0.0,0.0,0.0
2025-11-04,149.0,149.0,148.0,152.0,146.0,148.0,-1.0,2235200.0,331843300.0,253.0,109.6,149.0,1600.0,148.0,780400.0,1725000000.0,1725000000.0,341205000.0,1001700.0,292300.0,,0.0,0.0,0.0
2025-11-05,148.0,0.0,0.0,150.0,147.0,148.0,0.0,2618900.0,388229700.0,185.0,109.6,150.0,198600.0,148.0,391400.0,1725000000.0,1725000000.0,341205000.0,1200.0,1218000.0,,0.0,0.0,0.0
2025-11-06,148.0,148.0,148.0,179.0,148.0,160.0,12.0,36479700.0,5992071400.0,4623.0,118.5,161.0,43200.0,160.0,25700.0,1725000000.0,1725000000.0,341205000.0,2315600.0,1658300.0,,0.0,0.0,0.0
2025-11-07,160.0,160.0,160.0,160.0,153.0,156.0,-4.0,4215500.0,657518400.0,709.0,115.6,156.0,86400.0,155.0,238600.0,1725000000.0,1725000000.0,341205000.0,99900.0,624000.0,,0.0,0.0,0.0
2025-11-10,156.0,157.0,157.0,159.0,154.0,155.0,-1.0,3844100.0,599641100.0,442.0,114.8,156.0,46400.0,155.0,25400.0,1725000000.0,1725000000.0,341205000.0,400.0,57000.0,,0.0,0.0,0.0
2025-11-11,155.0,155.0,157.0,158.0,154.0,156.0,1.0,2615700.0,408302400.0,278.0,115.6,157.0,219000.0,156.0,1854900.0,1725000000.0,1725000000.0,341205000.0,217600.0,242000.0,,0.0,0.0,0.0
2025-11-12,156.0,157.0,157.0,174.0,156.0,165.0,9.0,13108100.0,2175827200.0,2022.0,122.2,165.0,94800.0,164.0,700.0,1725000000.0,1725000000.0,341205000.0,380200.0,450000.0,,0.0,0.0,0.0
2025-11-13,165.0,165.0,166.0,169.0,161.0,164.0,-1.0,3625600.0,595072300.0,546.0,121.5,164.0,441000.0,163.0,1000.0,1725000000.0,1725000000.0,341205000.0,147200.0,10200.0,,0.0,0.0,0.0
2025-11-14,164.0,164.0,165.0,165.0,161.0,162.0,-2.0,1256800.0,203625400.0,205.0,120.0,162.0,132400.0,161.0,121600.0,1725000000.0,1725000000.0,341205000.0,100.0,0.0,,0.0,0.0,0.0
2025-11-17,162.0,163.0,163.0,167.0,162.0,165.0,3.0,2078600.0,341987400.0,266.0,122.2,165.0,200000.0,164.0,31000.0,1725000000.0,1725000000.0,341205000.0,100.0,416700.0,,0.0,0.0,0.0
2025-11-18,165.0,165.0,166.0,174.0,164.0,164.0,-1.0,5146600.0,864452000.0,610.0,121.5,165.0,2700.0,164.0,29000.0,1725000000.0,1725000000.0,341205000.0,124600.0,150300.0,,0.0,0.0,0.0
2025-11-19,164.0,165.0,165.0,171.0,165.0,168.0,4.0,2641200.0,443691700.0,376.0,124.4,169.0,161200.0,168.0,142800.0,1725000000.0,1725000000.0,341205000.0,318300.0,307100.0,,0.0,0.0,0.0
2025-11-20,168.0,169.0,169.0,170.0,167.0,167.0,-1.0,1804300.0,303089700.0,264.0,123.7,168.0,87800.0,167.0,264500.0,1725000000.0,1725000000.0,341205000.0,0.0,0.0,,0.0,0.0,0.0
2025-11-21,167.0,167.0,168.0,169.0,161.0,162.0,-5.0,1609000.0,265766000.0,207.0,120.0,163.0,11100.0,162.0,22500.0,1725000000.0,1725000000.0,341205000.0,59000.0,25900.0,,0.0,0.0,0.0
2025-11-24,162.0,162.0,162.0,175.0,162.0,170.0,8.0,11204100.0,1885815500.0,915.0,125.9,171.0,41600.0,170.0,29100.0,1725000000.0,1725000000.0,341205000.0,173100.0,6352700.0,,0.0,0.0,0.0
2025-11-25,170.0,175.0,175.0,182.0,168.0,173.0,3.0,5146000.0,899962500.0,1053.0,128.1,173.0,45100.0,172.0,6300.0,1725000000.0,1725000000.0,341205000.0,308900.0,238900.0,,0.0,0.0,0.0
2025-11-26,173.0,176.0,176.0,177.0,169.0,171.0,-2.0,2913400.0,498383500.0,348.0,126.7,173.0,51400.0,171.0,45500.0,1725000000.0,1725000000.0,341205000.0,167600.0,0.0,,0.0,0.0,0.0
2025-11-27,171.0,171.0,174.0,175.0,168.0,170.0,-1.0,1941800.0,332766200.0,333.0,125.9,170.0,178400.0,169.0,465000.0,1725000000.0,1725000000.0,341205000.0,10000.0,0.0,,0.0,0.0,0.0
2025-11-28,170.0,172.0,172.0,190.0,171.0,181.0,11.0,13957000.0,2521555000.0,1577.0,134.1,182.0,147000.0,181.0,110700.0,1725000000.0,1725000000.0,341205000.0,325000.0,325000.0,,0.0,0.0,0.0
2025-12-01,181.0,183.0,184.0,204.0,177.0,193.0,12.0,24810900.0,4758024200.0,2665.0,143.0,193.0,93700.0,192.0,156400.0,1725000000.0,1725000000.0,341205000.0,423800.0,459900.0,,58500.0,10062000.0,1.0
2025-12-02,193.0,202.0,204.0,256.0,192.0,234.0,41.0,172440000.0,39913355600.0,14673.0,173.3,236.0,58200.0,234.0,329900.0,1725000000.0,1725000000.0,341205000.0,10251700.0,7123200.0,,0.0,0.0,0.0
2025-12-03,234.0,232.0,232.0,236.0,208.0,220.0,-14.0,51932200.0,11298950000.0,4942.0,163.0,220.0,1944600.0,218.0,123500.0,1725000000.0,1725000000.0,341205000.0,2461900.0,3251000.0,,0.0,0.0,0.0
2025-12-04,220.0,220.0,220.0,246.0,212.0,234.0,14.0,47732100.0,10945273600.0,3450.0,173.3,234.0,260900.0,232.0,28300.0,1725000000.0,1725000000.0,341205000.0,2092600.0,4315800.0,,0.0,0.0,0.0
2025-12-05,234.0,240.0,240.0,264.0,224.0,246.0,12.0,118533500.0,29447101800.0,10141.0,182.2,246.0,956900.0,244.0,33100.0,1725000000.0,1725000000.0,341205000.0,4166800.0,1782000.0,,0.0,0.0,0.0
2025-12-08,246.0,246.0,246.0,294.0,246.0,274.0,28.0,110930300.0,30382654400.0,10262.0,203.0,276.0,195800.0,274.0,24800.0,1725000000.0,1725000000.0,341205000.0,5449000.0,6441700.0,,0.0,0.0,0.0
2025-12-09,274.0,282.0,282.0,286.0,252.0,260.0,-14.0,26448800.0,7047693400.0,3301.0,192.6,262.0,42600.0,260.0,31600.0,1725000000.0,1725000000.0,341205000.0,2792800.0,2724800.0,,0.0,0.0,0.0
2025-12-10,260.0,266.0,268.0,276.0,250.0,262.0,2.0,28231400.0,7477835800.0,2631.0,194.1,264.0,726000.0,262.0,259700.0,1725000000.0,1725000000.0,341205000.0,2901800.0,1593900.0,,0.0,0.0,0.0
2025-12-11,262.0,264.0,264.0,270.0,228.0,262.0,0.0,55730700.0,13793705600.0,4235.0,194.1,262.0,118000.0,260.0,62600.0,1725000000.0,1725000000.0,341205000.0,5554700.0,8788200.0,,0.0,0.0,0.0
2025-12-12,262.0,268.0,268.0,278.0,252.0,254.0,-8.0,49170000.0,13033079000.0,3922.0,188.1,256.0,12000.0,254.0,440600.0,1725000000.0,1725000000.0,341205000.0,3425400.0,1996300.0,,0.0,0.0,0.0
2025-12-15,254.0,264.0,264.0,272.0,238.0,246.0,-8.0,17731900.0,4553879000.0,1974.0,182.2,248.0,6600.0,246.0,60400.0,1725000000.0,1725000000.0,341205000.0,2826000.0,571900.0,,0.0,0.0,0.0
2025-12-16,246.0,248.0,250.0,274.0,242.0,246.0,0.0,38317000.0,10023983000.0,3737.0,182.2,248.0,1500.0,246.0,181300.0,1725000000.0,1725000000.0,341205000.0,616300.0,584900.0,,0.0,0.0,0.0
2025-12-17,246.0,250.0,250.0,258.0,242.0,250.0,4.0,7193500.0,1797236400.0,1082.0,185.2,252.0,29600.0,250.0,21400.0,1725000000.0,1725000000.0,341205000.0,626500.0,592400.0,,0.0,0.0,0.0
2025-12-18,250.0,268.0,268.0,276.0,244.0,252.0,2.0,46842500.0,12322239800.0,5086.0,186.7,254.0,82200.0,252.0,810400.0,1725000000.0,1725000000.0,341205000.0,1147500.0,1431100.0,,0.0,0.0,0.0
2025-12-19,252.0,254.0,254.0,260.0,234.0,238.0,-14.0,7712500.0,1886288400.0,1379.0,176.3,240.0,137500.0,238.0,60800.0,1725000000.0,1725000000.0,341205000.0,20600.0,165800.0,,0.0,0.0,0.0
2025-12-22,238.0,240.0,244.0,244.0,214.0,216.0,-22.0,10164900.0,2245626200.0,1585.0,160.0,220.0,7100.0,216.0,347300.0,1725000000.0,1725000000.0,341205000.0,1247000.0,2315700.0,,0.0,0.0,0.0
2025-12-23,216.0,216.0,216.0,220.0,202.0,206.0,-10.0,6243100.0,1318191800.0,984.0,152.6,210.0,300.0,206.0,369800.0,1725000000.0,1725000000.0,341205000.0,1044000.0,1401200.0,,0.0,0.0,0.0
2025-12-24,206.0,206.0,210.0,228.0,202.0,214.0,8.0,8676400.0,1894937000.0,1486.0,158.5,216.0,20600.0,214.0,7000.0,1725000000.0,1725000000.0,341205000.0,1017700.0,184100.0,,0.0,0.0,0.0
2025-12-29,214.0,220.0,220.0,250.0,220.0,238.0,24.0,11686700.0,2739788400.0,1493.0,176.3,240.0,75600.0,238.0,7400.0,1725000000.0,1725000000.0,341205000.0,1361300.0,2617600.0,,0.0,0.0,0.0
2025-12-30,238.0,238.0,240.0,242.0,230.0,232.0,-6.0,2708800.0,636818600.0,654.0,171.9,232.0,6300.0,230.0,305700.0,1725000000.0,1725000000.0,341205000.0,550100.0,164700.0,,0.0,0.0,0.0
2026-01-02,232.0,232.0,234.0,250.0,232.0,238.0,6.0,20345100.0,4946651000.0,1132.0,176.3,240.0,56900.0,238.0,151900.0,1725000000.0,1725000000.0,341550000.0,689700.0,182700.0,,0.0,0.0,0.0
2026-01-05,238.0,238.0,238.0,246.0,232.0,244.0,6.0,10345400.0,2474189000.0,1196.0,180.7,244.0,223800.0,242.0,432400.0,1725000000.0,1725000000.0,341550000.0,723200.0,2577400.0,,0.0,0.0,0.0
2026-01-06,244.0,246.0,244.0,266.0,240.0,260.0,16.0,29198000.0,7479630400.0,3195.0,192.6,260.0,73600.0,258.0,226400.0,1725000000.0,1725000000.0,341550000.0,2821300.0,5270200.0,,0.0,0.0,0.0
2026-01-07,260.0,276.0,276.0,276.0,252.0,260.0,0.0,12457800.0,3227352400.0,1500.0,192.6,260.0,518000.0,256.0,6400.0,1725000000.0,1725000000.0,341550000.0,2735800.0,983800.0,,0.0,0.0,0.0
2026-01-08,260.0,260.0,260.0,260.0,224.0,254.0,-6.0,9739300.0,2363175800.0,928.0,188.1,254.0,27000.0,250.0,157200.0,1725000000.0,1725000000.0,341550000.0,208700.0,3824300.0,,0.0,0.0,0.0
2026-01-09,254.0,256.0,258.0,262.0,250.0,252.0,-2.0,14050900.0,3577469200.0,701.0,186.7,252.0,35400.0,250.0,75600.0,1725000000.0,1725000000.0,341550000.0,739200.0,8750700.0,,0.0,0.0,0.0
2026-01-12,252.0,260.0,258.0,260.0,228.0,244.0,-8.0,11459100.0,2831615000.0,1161.0,180.7,248.0,500.0,244.0,70100.0,1725000000.0,1725000000.0,341550000.0,3412900.0,3256200.0,,0.0,0.0,0.0
2026-01-13,244.0,242.0,242.0,250.0,230.0,242.0,-2.0,4388700.0,1059050000.0,468.0,179.3,242.0,55300.0,236.0,20800.0,1725000000.0,1725000000.0,341550000.0,425000.0,1577500.0,,0.0,0.0,0.0
2026-01-14,242.0,242.0,242.0,242.0,228.0,230.0,-12.0,22211900.0,5169760000.0,824.0,170.4,232.0,59600.0,230.0,194700.0,1725000000.0,1725000000.0,341550000.0,363100.0,1077000.0,,0.0,0.0,0.0
2026-01-15,230.0,232.0,232.0,234.0,218.0,218.0,-12.0,6842000.0,1508678800.0,956.0,161.5,222.0,65800.0,218.0,185800.0,1725000000.0,1725000000.0,341550000.0,682900.0,675200.0,,0.0,0.0,0.0
2026-01-19,218.0,238.0,238.0,270.0,218.0,226.0,8.0,38528500.0,9053107600.0,3585.0,167.4,228.0,84800.0,226.0,23000.0,1725000000.0,1725000000.0,341550000.0,9346200.0,2110200.0,,0.0,0.0,0.0
2026-01-20,226.0,226.0,224.0,226.0,216.0,222.0,-4.0,5703000.0,1256023200.0,740.0,164.4,222.0,58400.0,220.0,500.0,1725000000.0,1725000000.0,341550000.0,655900.0,1556900.0,,0.0,0.0,0.0
2026-01-21,222.0,218.0,218.0,220.0,208.0,220.0,-2.0,4983600.0,1069085000.0,1449.0,163.0,222.0,6100.0,220.0,37300.0,1725000000.0,1725000000.0,341550000.0,378400.0,755600.0,,0.0,0.0,0.0
2026-01-22,220.0,220.0,222.0,224.0,212.0,218.0,-2.0,4834900.0,1057888400.0,624.0,161.5,220.0,45100.0,218.0,536100.0,1725000000.0,1725000000.0,341550000.0,358200.0,601100.0,,0.0,0.0,0.0
2026-01-23,218.0,220.0,220.0,220.0,191.0,208.0,-10.0,8745900.0,1766607800.0,1109.0,154.1,208.0,5200.0,206.0,100900.0,1725000000.0,1725000000.0,341550000.0,998100.0,2870900.0,,0.0,0.0,0.0
2026-01-26,208.0,208.0,206.0,208.0,192.0,192.0,-16.0,4025200.0,802679500.0,738.0,142.2,193.0,88800.0,192.0,29600.0,1725000000.0,1725000000.0,341550000.0,518600.0,364200.0,,0.0,0.0,0.0
2026-01-27,192.0,190.0,191.0,194.0,180.0,188.0,-4.0,8099100.0,1490681000.0,637.0,139.3,188.0,7900.0,187.0,26100.0,1725000000.0,1725000000.0,341550000.0,328200.0,3765700.0,,0.0,0.0,0.0
2026-01-28,188.0,180.0,180.0,183.0,160.0,167.0,-21.0,7601600.0,1282822200.0,820.0,123.7,168.0,89400.0,167.0,47700.0,1725000000.0,1725000000.0,341550000.0,1135500.0,2163900.0,,0.0,0.0,0.0
2026-01-29,167.0,168.0,168.0,173.0,142.0,169.0,2.0,8507100.0,1330808400.0,731.0,125.2,169.0,10300.0,167.0,8200.0,1725000000.0,1725000000.0,341550000.0,1906700.0,2540800.0,,0.0,0.0,0.0
2026-01-30,169.0,169.0,169.0,173.0,160.0,168.0,-1.0,2002900.0,333270700.0,310.0,124.4,168.0,107000.0,165.0,3600.0,1725000000.0,1725000000.0,341550000.0,1250500.0,638800.0,,0.0,0.0,0.0
2026-02-02,168.0,168.0,168.0,169.0,143.0,145.0,-23.0,11780500.0,1723590000.0,913.0,107.4,145.0,21600.0,143.0,62100.0,1725000000.0,1725000000.0,341550000.0,2238600.0,1045900.0,,0.0,0.0,0.0
2026-02-03,145.0,144.0,144.0,159.0,138.0,156.0,11.0,4532000.0,677875600.0,608.0,115.6,157.0,47700.0,156.0,128300.0,1725000000.0,1725000000.0,341550000.0,362600.0,2174700.0,,0.0,0.0,0.0
2026-02-04,156.0,157.0,160.0,169.0,154.0,162.0,6.0,3154900.0,507984500.0,576.0,120.0,162.0,155100.0,160.0,10000.0,1725000000.0,1725000000.0,341550000.0,643900.0,121000.0,,0.0,0.0,0.0
2026-02-05,162.0,164.0,164.0,164.0,156.0,157.0,-5.0,880000.0,138578400.0,266.0,116.3,157.0,64600.0,156.0,92800.0,1725000000.0,1725000000.0,341550000.0,231300.0,82800.0,,0.0,0.0,0.0
2026-02-06,157.0,157.0,157.0,157.0,147.0,153.0,-4.0,1403800.0,212411800.0,296.0,113.3,153.0,48000.0,151.0,13000.0,1725000000.0,1725000000.0,341550000.0,197200.0,353400.0,,0.0,0.0,0.0
2026-02-09,153.0,150.0,150.0,158.0,150.0,154.0,1.0,1372200.0,211884100.0,256.0,114.1,154.0,300.0,153.0,28400.0,1725000000.0,1725000000.0,341550000.0,7000.0,626400.0,,0.0,0.0,0.0
2026-02-10,154.0,0.0,0.0,162.0,150.0,157.0,3.0,1361600.0,212773000.0,317.0,116.3,157.0,5800.0,156.0,200.0,1725000000.0,1725000000.0,341550000.0,1000.0,329200.0,,0.0,0.0,0.0
2026-02-11,157.0,0.0,0.0,169.0,155.0,169.0,12.0,3386500.0,551527600.0,528.0,125.2,170.0,18300.0,169.0,43400.0,1725000000.0,1725000000.0,341550000.0,190600.0,1105000.0,,0.0,0.0,0.0
2026-02-12,169.0,170.0,171.0,175.0,162.0,171.0,2.0,3733000.0,634923900.0,424.0,126.7,171.0,1200.0,169.0,18700.0,1725000000.0,1725000000.0,341550000.0,793600.0,696700.0,,0.0,0.0,0.0
2026-02-13,171.0,175.0,175.0,176.0,166.0,170.0,-1.0,1960300.0,333503000.0,323.0,125.9,168.0,1300.0,167.0,13100.0,1725000000.0,1725000000.0,341550000.0,493500.0,42800.0,,0.0,0.0,0.0
2026-02-18,170.0,170.0,170.0,177.0,168.0,176.0,6.0,2399700.0,414698000.0,348.0,130.4,176.0,17500.0,175.0,91500.0,1725000000.0,1725000000.0,341550000.0,157500.0,517500.0,,0.0,0.0,0.0
2026-02-19,176.0,179.0,178.0,180.0,171.0,177.0,1.0,7313700.0,1279759700.0,512.0,131.1,178.0,31500.0,177.0,2800.0,1725000000.0,1725000000.0,341550000.0,206100.0,4628200.0,,0.0,0.0,0.0
2026-02-20,177.0,179.0,180.0,180.0,170.0,173.0,-4.0,2450100.0,428933600.0,353.0,128.1,173.0,14700.0,171.0,133100.0,1725000000.0,1725000000.0,341550000.0,462700.0,262100.0,,0.0,0.0,0.0
2026-02-23,173.0,175.0,173.0,177.0,172.0,175.0,2.0,1346600.0,234563000.0,197.0,129.6,175.0,1029800.0,173.0,64700.0,1725000000.0,1725000000.0,341550000.0,214200.0,10800.0,,0.0,0.0,0.0
2026-02-24,175.0,175.0,174.0,175.0,169.0,169.0,-6.0,1438900.0,247182400.0,262.0,125.2,169.0,221900.0,168.0,25900.0,1725000000.0,1725000000.0,341550000.0,249500.0,212000.0,,0.0,0.0,0.0
2026-02-25,169.0,171.0,170.0,175.0,163.0,173.0,4.0,1227900.0,206002700.0,259.0,128.1,173.0,130400.0,168.0,10000.0,1725000000.0,1725000000.0,341550000.0,171700.0,129600.0,,0.0,0.0,0.0
2026-02-26,173.0,173.0,172.0,173.0,158.0,160.0,-13.0,1358100.0,222461600.0,375.0,118.5,160.0,28700.0,159.0,9500.0,1725000000.0,1725000000.0,341550000.0,221400.0,0.0,,0.0,0.0,0.0
2026-02-27,160.0,160.0,160.0,186.0,155.0,163.0,3.0,18313800.0,3021053000.0,1647.0,120.7,169.0,55000.0,163.0,800.0,1725000000.0,1725000000.0,341550000.0,1735600.0,10135700.0,,0.0,0.0,0.0
2026-03-02,163.0,161.0,160.0,161.0,151.0,156.0,-7.0,2134500.0,334489900.0,409.0,115.6,156.0,72200.0,155.0,58100.0,1725000000.0,1725000000.0,341550000.0,17800.0,337900.0,,0.0,0.0,0.0
2026-03-03,156.0,156.0,155.0,164.0,151.0,156.0,0.0,1856200.0,291140300.0,394.0,115.6,157.0,5400.0,155.0,11600.0,1725000000.0,1725000000.0,341550000.0,11900.0,228700.0,,0.0,0.0,0.0
2026-03-04,156.0,157.0,155.0,157.0,142.0,154.0,-2.0,2749400.0,407945300.0,307.0,114.1,155.0,130000.0,154.0,100.0,1725000000.0,1725000000.0,341550000.0,18100.0,128700.0,,0.0,0.0,0.0
2026-03-05,154.0,152.0,153.0,156.0,152.0,152.0,-2.0,866300.0,133226800.0,117.0,112.6,153.0,48300.0,152.0,18000.0,1725000000.0,1725000000.0,341550000.0,13700.0,308200.0,,0.0,0.0,0.0
2026-03-06,152.0,152.0,152.0,152.0,148.0,148.0,-4.0,859900.0,128250400.0,171.0,109.6,149.0,100.0,148.0,142500.0,1725000000.0,1725000000.0,341550000.0,3300.0,5900.0,,0.0,0.0,0.0
2026-03-09,148.0,147.0,147.0,152.0,139.0,149.0,1.0,674500.0,98205600.0,171.0,110.4,149.0,20700.0,147.0,2800.0,1725000000.0,1725000000.0,341550000.0,2600.0,98700.0,,0.0,0.0,0.0
2026-03-10,149.0,149.0,150.0,155.0,140.0,148.0,-1.0,620500.0,90216400.0,182.0,109.6,150.0,19000.0,146.0,10000.0,1725000000.0,1725000000.0,341550000.0,0.0,0.0,,0.0,0.0,0.0
2026-03-11,148.0,150.0,150.0,150.0,145.0,150.0,2.0,199600.0,29563700.0,114.0,111.1,150.0,18800.0,149.0,100.0,1725000000.0,1725000000.0,341550000.0,0.0,20000.0,,0.0,0.0,0.0
2026-03-12,150.0,151.0,150.0,151.0,146.0,150.0,0.0,438700.0,64979200.0,86.0,111.1,150.0,53100.0,146.0,2000.0,1725000000.0,1725000000.0,341550000.0,0.0,10000.0,,0.0,0.0,0.0
2026-03-13,150.0,0.0,0.0,152.0,140.0,141.0,-9.0,432700.0,63392700.0,115.0,104.4,145.0,13500.0,142.0,200.0,1725000000.0,1725000000.0,341550000.0,0.0,0.0,,0.0,0.0,0.0
2026-03-16,141.0,145.0,145.0,154.0,140.0,150.0,9.0,825900.0,119965200.0,189.0,111.1,150.0,57800.0,146.0,200.0,1725000000.0,1725000000.0,341550000.0,34700.0,0.0,,0.0,0.0,0.0
2026-03-17,150.0,149.0,149.0,161.0,144.0,160.0,10.0,1068000.0,162898800.0,212.0,118.5,160.0,48700.0,151.0,8300.0,1725000000.0,1725000000.0,341550000.0,54600.0,0.0,,0.0,0.0,0.0
2026-03-25,160.0,161.0,160.0,163.0,153.0,156.0,-4.0,488700.0,76433600.0,151.0,115.6,157.0,98900.0,156.0,14500.0,1725000000.0,1725000000.0,341550000.0,13900.0,0.0,,0.0,0.0,0.0
2026-03-26,156.0,157.0,158.0,159.0,150.0,155.0,-1.0,472200.0,72397700.0,168.0,114.8,155.0,11700.0,151.0,1000.0,1725000000.0,1725000000.0,341550000.0,39000.0,0.0,,0.0,0.0,0.0
2026-03-27,155.0,151.0,151.0,154.0,149.0,150.0,-5.0,460900.0,69264500.0,87.0,111.1,152.0,1000.0,150.0,209700.0,1725000000.0,1725000000.0,341550000.0,29400.0,0.0,,0.0,0.0,0.0
2026-03-30,150.0,152.0,153.0,158.0,151.0,151.0,1.0,1262500.0,195157700.0,158.0,111.9,152.0,2500.0,151.0,42200.0,1725000000.0,1725000000.0,341550000.0,34100.0,0.0,,0.0,0.0,0.0
2026-03-31,151.0,0.0,0.0,161.0,149.0,152.0,1.0,443500.0,67885400.0,123.0,112.6,153.0,100.0,152.0,3000.0,1725000000.0,1725000000.0,341550000.0,44700.0,0.0,,0.0,0.0,0.0
2026-04-01,152.0,152.0,154.0,155.0,151.0,151.0,-1.0,428700.0,65945100.0,104.0,111.9,153.0,6800.0,151.0,24200.0,1725000000.0,1725000000.0,341550000.0,94100.0,0.0,,0.0,0.0,0.0
2026-04-02,151.0,152.0,151.0,154.0,147.0,148.0,-3.0,181900.0,27231000.0,115.0,109.6,152.0,214500.0,148.0,42400.0,1725000000.0,1725000000.0,341550000.0,1000.0,0.0,,0.0,0.0,0.0
2026-04-06,148.0,148.0,148.0,154.0,148.0,152.0,4.0,192100.0,28891600.0,70.0,112.6,152.0,92700.0,150.0,62500.0,1725000000.0,1725000000.0,341550000.0,4100.0,0.0,,0.0,0.0,0.0
2026-04-07,152.0,151.0,151.0,155.0,141.0,150.0,-2.0,1381500.0,207881600.0,171.0,111.1,149.0,25000.0,148.0,1000.0,1725000000.0,1725000000.0,341550000.0,2600.0,0.0,,0.0,0.0,0.0
2026-04-08,150.0,154.0,153.0,154.0,150.0,151.0,1.0,124100.0,18667100.0,79.0,111.9,151.0,50300.0,150.0,35500.0,1725000000.0,1725000000.0,341550000.0,1300.0,0.0,,0.0,0.0,0.0
2026-04-09,151.0,151.0,151.0,153.0,147.0,150.0,-1.0,535200.0,79812500.0,106.0,111.1,150.0,17500.0,148.0,3000.0,1725000000.0,1725000000.0,341550000.0,0.0,0.0,,0.0,0.0,0.0
2026-04-10,150.0,150.0,148.0,164.0,148.0,160.0,10.0,1813200.0,281428800.0,339.0,118.5,160.0,267400.0,159.0,200.0,1725000000.0,1725000000.0,341550000.0,92200.0,0.0,,0.0,0.0,0.0
2026-04-13,160.0,160.0,159.0,172.0,155.0,163.0,3.0,3882900.0,637370600.0,730.0,120.7,164.0,43100.0,163.0,44800.0,1725000000.0,1725000000.0,341550000.0,529800.0,0.0,,0.0,0.0,0.0
2026-04-14,163.0,166.0,166.0,170.0,160.0,165.0,2.0,1959600.0,324002900.0,416.0,122.2,166.0,25400.0,165.0,37000.0,1725000000.0,1725000000.0,341550000.0,31300.0,0.0,,0.0,0.0,0.0
2026-04-15,165.0,167.0,166.0,168.0,161.0,165.0,0.0,1376700.0,224474100.0,347.0,122.2,166.0,21100.0,165.0,33900.0,1725000000.0,1725000000.0,341550000.0,2300.0,0.0,,0.0,0.0,0.0
2026-04-16,165.0,165.0,168.0,168.0,160.0,160.0,-5.0,1128800.0,183222900.0,262.0,118.5,160.0,55000.0,159.0,12800.0,1725000000.0,1725000000.0,341550000.0,78500.0,0.0,,0.0,0.0,0.0
2026-04-17,160.0,165.0,163.0,165.0,158.0,159.0,-1.0,1129200.0,181460300.0,258.0,117.8,161.0,13600.0,159.0,42200.0,1725000000.0,1725000000.0,341550000.0,23100.0,0.0,,0.0,0.0,0.0
2026-04-20,159.0,159.0,159.0,160.0,153.0,156.0,-3.0,1582700.0,248435100.0,260.0,115.6,157.0,1600.0,156.0,31200.0,1725000000.0,1725000000.0,341550000.0,212600.0,0.0,,0.0,0.0,0.0
2026-04-21,156.0,157.0,156.0,165.0,154.0,159.0,3.0,874700.0,138543000.0,265.0,117.8,159.0,51600.0,158.0,25000.0,1725000000.0,1725000000.0,341550000.0,51700.0,0.0,,0.0,0.0,0.0
2026-04-22,159.0,0.0,0.0,165.0,154.0,158.0,-1.0,1004200.0,158117500.0,231.0,117.0,158.0,19000.0,157.0,12000.0,1725000000.0,1725000000.0,341550000.0,101200.0,0.0,,0.0,0.0,0.0
2026-04-23,158.0,158.0,158.0,164.0,154.0,158.0,0.0,2347000.0,373314600.0,229.0,117.0,158.0,400.0,156.0,92500.0,1725000000.0,1725000000.0,341550000.0,570000.0,964400.0,,0.0,0.0,0.0
2026-04-24,158.0,159.0,159.0,159.0,146.0,150.0,-8.0,2116700.0,319289600.0,308.0,111.1,152.0,30600.0,150.0,15300.0,1725000000.0,1725000000.0,341550000.0,144200.0,0.0,,0.0,0.0,0.0
2026-04-27,150.0,154.0,152.0,154.0,145.0,150.0,0.0,558200.0,83278600.0,155.0,111.1,150.0,15000.0,148.0,18900.0,1725000000.0,1725000000.0,341550000.0,27700.0,0.0,,0.0,0.0,0.0
2026-04-28,150.0,149.0,149.0,154.0,148.0,148.0,-2.0,681600.0,102238600.0,119.0,109.6,151.0,16900.0,148.0,90500.0,1725000000.0,1725000000.0,341550000.0,400.0,0.0,,0.0,0.0,0.0
2026-04-29,148.0,150.0,148.0,151.0,148.0,149.0,1.0,247400.0,36968400.0,115.0,110.4,150.0,24100.0,149.0,16300.0,1725000000.0,1725000000.0,341550000.0,0.0,0.0,,0.0,0.0,0.0
2026-04-30,149.0,165.0,165.0,172.0,152.0,153.0,4.0,11568400.0,1864234000.0,1994.0,113.3,153.0,1000.0,152.0,51200.0,1725000000.0,1725000000.0,341550000.0,2485600.0,0.0,,0.0,0.0,0.0
2026-05-04,153.0,156.0,156.0,158.0,151.0,152.0,-1.0,1167800.0,178713300.0,311.0,112.6,153.0,18000.0,152.0,4800.0,1725000000.0,1725000000.0,341550000.0,78200.0,0.0,,0.0,0.0,0.0
2026-05-05,152.0,153.0,153.0,153.0,149.0,152.0,0.0,1441900.0,216963900.0,262.0,112.6,152.0,31400.0,150.0,22000.0,1725000000.0,1725000000.0,341550000.0,54500.0,0.0,,0.0,0.0,0.0
2026-05-06,152.0,152.0,152.0,154.0,150.0,152.0,0.0,1004600.0,152271500.0,155.0,112.6,153.0,53900.0,152.0,11400.0,1725000000.0,1725000000.0,341550000.0,0.0,186000.0,,0.0,0.0,0.0
2026-05-07,152.0,0.0,0.0,155.0,150.0,154.0,2.0,1371500.0,207234100.0,232.0,114.1,154.0,15000.0,152.0,100.0,1725000000.0,1725000000.0,341550000.0,100.0,27800.0,,0.0,0.0,0.0
2026-05-08,154.0,154.0,154.0,155.0,150.0,150.0,-4.0,766800.0,115946400.0,161.0,111.1,151.0,900.0,150.0,129900.0,1725000000.0,1725000000.0,341550000.0,21100.0,0.0,,0.0,0.0,0.0
